observation_date,PCU335311335311,PCU335313335313,PCU333611333611,PCU334413334413,PCU334112334112,IPG3344S,XTEXVA01KRM667S
1957-01-01,,,,,,,3936347.0
1957-02-01,,,,,,,1590203.0
1957-03-01,,,,,,,1946025.0
1957-04-01,,,,,,,1955199.0
1957-05-01,,,,,,,1887176.0
1957-06-01,,,,,,,1920540.0
1957-07-01,,,,,,,1869800.0
1957-08-01,,,,,,,1890697.0
1957-09-01,,,,,,,1862074.0
1957-10-01,,,,,,,1901537.0
1957-11-01,,,,,,,1028816.0
1957-12-01,,,,,,,1426444.0
1958-01-01,,,,,,,1364381.0
1958-02-01,,,,,,,1508065.0
1958-03-01,,,,,,,1015966.0
1958-04-01,,,,,,,956498.9
1958-05-01,,,,,,,963144.7
1958-06-01,,,,,,,953553.5
1958-07-01,,,,,,,943399.2
1958-08-01,,,,,,,944806.6
1958-09-01,,,,,,,936447.5
1958-10-01,,,,,,,1905413.0
1958-11-01,,,,,,,1035120.0
1958-12-01,,,,,,,1393336.0
1959-01-01,,,,,,,1375575.0
1959-02-01,,,,,,,1450141.0
1959-03-01,,,,,,,1060181.0
1959-04-01,,,,,,,2773684.0
1959-05-01,,,,,,,1995828.0
1959-06-01,,,,,,,1860116.0
1959-07-01,,,,,,,1931164.0
1959-08-01,,,,,,,1866049.0
1959-09-01,,,,,,,1913461.0
1959-10-01,,,,,,,942684.4
1959-11-01,,,,,,,1057488.0
1959-12-01,,,,,,,1356986.0
1960-01-01,,,,,,,1364655.0
1960-02-01,,,,,,,2887156.0
1960-03-01,,,,,,,1048341.0
1960-04-01,,,,,,,2889358.0
1960-05-01,,,,,,,2851803.0
1960-06-01,,,,,,,2920349.0
1960-07-01,,,,,,,1837181.0
1960-08-01,,,,,,,1986153.0
1960-09-01,,,,,,,3606646.0
1960-10-01,,,,,,,2057575.0
1960-11-01,,,,,,,3877198.0
1960-12-01,,,,,,,3725141.0
1961-01-01,,,,,,,3658924.0
1961-02-01,,,,,,,3146193.0
1961-03-01,,,,,,,2899201.0
1961-04-01,,,,,,,3167996.0
1961-05-01,,,,,,,3457905.0
1961-06-01,,,,,,,3142205.0
1961-07-01,,,,,,,3427423.0
1961-08-01,,,,,,,3191543.0
1961-09-01,,,,,,,3401096.0
1961-10-01,,,,,,,3299463.0
1961-11-01,,,,,,,3741527.0
1961-12-01,,,,,,,3852189.0
1962-01-01,,,,,,,3553743.0
1962-02-01,,,,,,,3133720.0
1962-03-01,,,,,,,3910034.0
1962-04-01,,,,,,,4107647.0
1962-05-01,,,,,,,2724128.0
1962-06-01,,,,,,,7672325.0
1962-07-01,,,,,,,3795579.0
1962-08-01,,,,,,,3799628.0
1962-09-01,,,,,,,3852097.0
1962-10-01,,,,,,,7800331.0
1962-11-01,,,,,,,4318146.0
1962-12-01,,,,,,,5483686.0
1963-01-01,,,,,,,5308240.0
1963-02-01,,,,,,,5492920.0
1963-03-01,,,,,,,8632213.0
1963-04-01,,,,,,,7662241.0
1963-05-01,,,,,,,6672967.0
1963-06-01,,,,,,,7291200.0
1963-07-01,,,,,,,6814845.0
1963-08-01,,,,,,,10554730.0
1963-09-01,,,,,,,7348793.0
1963-10-01,,,,,,,7424671.0
1963-11-01,,,,,,,6892447.0
1963-12-01,,,,,,,6259908.0
1964-01-01,,,,,,,8211563.0
1964-02-01,,,,,,,7478938.0
1964-03-01,,,,,,,6869656.0
1964-04-01,,,,,,,7411271.0
1964-05-01,,,,,,,9564372.0
1964-06-01,,,,,,,13410300.0
1964-07-01,,,,,,,8606819.0
1964-08-01,,,,,,,10557630.0
1964-09-01,,,,,,,10251910.0
1964-10-01,,,,,,,9360538.0
1964-11-01,,,,,,,13536260.0
1964-12-01,,,,,,,10270250.0
1965-01-01,,,,,,,10236250.0
1965-02-01,,,,,,,12033430.0
1965-03-01,,,,,,,10612970.0
1965-04-01,,,,,,,11865770.0
1965-05-01,,,,,,,14701940.0
1965-06-01,,,,,,,13627500.0
1965-07-01,,,,,,,14008770.0
1965-08-01,,,,,,,16876190.0
1965-09-01,,,,,,,16283619.999999998
1965-10-01,,,,,,,15542320.0
1965-11-01,,,,,,,16748210.0
1965-12-01,,,,,,,17062450.0
1966-01-01,,,,,,,18890920.0
1966-02-01,,,,,,,21280280.0
1966-03-01,,,,,,,21853330.0
1966-04-01,,,,,,,20717080.0
1966-05-01,,,,,,,19514040.0
1966-06-01,,,,,,,21543890.0
1966-07-01,,,,,,,18992410.0
1966-08-01,,,,,,,19253990.0
1966-09-01,,,,,,,22794250.0
1966-10-01,,,,,,,18942910.0
1966-11-01,,,,,,,20888180.0
1966-12-01,,,,,,,23718720.0
1967-01-01,46.9,,,163.6,,,22779820.0
1967-02-01,47.0,,,162.4,,,24758930.0
1967-03-01,46.9,,,162.4,,,25070850.0
1967-04-01,47.0,,,162.0,,,23335840.0
1967-05-01,47.9,,,160.4,,,24765480.0
1967-06-01,48.0,,,159.5,,,24993360.0
1967-07-01,48.1,,,159.0,,,24262380.0
1967-08-01,48.3,,,158.7,,,26996900.0
1967-09-01,48.1,,,158.2,,,25094440.0
1967-10-01,48.2,,,157.9,,,32051200.000000004
1967-11-01,48.2,,,157.1,,,32016900.0
1967-12-01,48.3,,,156.9,,,30168810.0
1968-01-01,48.6,,,155.7,,,33665430.0
1968-02-01,48.8,,,155.0,,,32946470.0
1968-03-01,49.2,,,153.3,,,34103460.0
1968-04-01,49.1,,,153.3,,,38183610.0
1968-05-01,49.4,,,154.4,,,34570990.0
1968-06-01,49.7,,,154.4,,,37291040.0
1968-07-01,49.6,,,153.6,,,37629190.0
1968-08-01,49.7,,,153.6,,,37787700.0
1968-09-01,49.7,,,153.9,,,40047460.0
1968-10-01,49.5,,,154.2,,,39747730.0
1968-11-01,49.4,,,154.2,,,41299590.0
1968-12-01,48.4,,,154.2,,,44277790.0
1969-01-01,48.3,,,154.1,,,43626290.0
1969-02-01,47.5,,,154.4,,,40706430.0
1969-03-01,47.5,,,154.4,,,43743530.0
1969-04-01,46.1,,,154.5,,,47111220.0
1969-05-01,45.9,,,154.5,,,52624470.0
1969-06-01,46.7,,,154.4,,,55283070.0
1969-07-01,46.8,,,154.4,,,53471640.0
1969-08-01,47.0,,,154.5,,,52518010.0
1969-09-01,46.9,,,154.4,,,49253850.0
1969-10-01,46.2,,,154.5,,,51671140.0
1969-11-01,45.9,,,154.5,,,57464020.0
1969-12-01,46.3,,,154.5,,,64888760.0
1970-01-01,47.0,,,154.5,,,63817429.99999999
1970-02-01,46.9,,,154.2,,,61081820.0
1970-03-01,47.2,,,154.4,,,66685869.99999999
1970-04-01,47.6,,,152.6,,,66864660.00000001
1970-05-01,47.6,,,152.5,,,64226149.99999999
1970-06-01,47.8,,,153.1,,,65994890.0
1970-07-01,48.0,,,153.3,,,75897310.0
1970-08-01,48.0,,,152.5,,,71215090.0
1970-09-01,48.1,,,152.5,,,68569480.0
1970-10-01,48.4,,,152.0,,,75597790.0
1970-11-01,48.3,,,152.5,,,70167140.0
1970-12-01,48.1,,,152.0,,,77044010.0
1971-01-01,48.0,,,151.7,,,77475080.0
1971-02-01,47.9,,,151.2,,,74767210.0
1971-03-01,47.7,,,150.9,,,79158350.0
1971-04-01,47.3,,,149.3,,,80278640.0
1971-05-01,46.9,,,148.9,,,84676880.0
1971-06-01,46.1,,,148.8,,,91822290.0
1971-07-01,45.8,,,148.6,,,90629350.0
1971-08-01,45.4,,,149.1,,,85405790.0
1971-09-01,44.9,,,148.9,,,90856160.0
1971-10-01,44.8,,,148.9,,,95445870.0
1971-11-01,44.1,,,149.3,,,107580500.0
1971-12-01,45.3,,,149.3,,,98125270.0
1972-01-01,45.0,,,148.6,,0.029,99411930.0
1972-02-01,44.9,,,148.8,,0.0286,122636000.0
1972-03-01,45.0,,,147.8,,0.0286,106302200.0
1972-04-01,45.6,,,147.5,,0.029,112384300.0
1972-05-01,45.5,,,147.8,,0.0291,122279000.0
1972-06-01,45.4,,,147.8,,0.0288,126958400.0
1972-07-01,45.5,,,148.0,,0.0298,134221300.0
1972-08-01,45.6,,,145.6,,0.03,150039000.0
1972-09-01,45.3,,,144.8,,0.0309,155264200.0
1972-10-01,45.3,,,144.8,,0.0319,142115100.0
1972-11-01,45.6,,,144.8,,0.0334,155953200.0
1972-12-01,45.7,,,144.9,,0.0356,177282100.0
1973-01-01,45.8,,,145.6,,0.0356,182924400.0
1973-02-01,46.1,,,145.6,,0.037,199806100.0
1973-03-01,46.3,,,145.6,,0.0377,226307800.0
1973-04-01,46.8,,,146.2,,0.0382,223630100.0
1973-05-01,46.9,,,147.7,,0.0385,242796300.0
1973-06-01,47.1,,,147.7,,0.0413,226929400.0
1973-07-01,47.1,,,148.5,,0.0387,241731100.0
1973-08-01,47.3,,,147.8,,0.041,291152400.0
1973-09-01,47.7,,,148.0,,0.0412,308645200.0
1973-10-01,47.3,,,148.0,,0.0429,351589600.0
1973-11-01,47.6,,,148.1,,0.044,351229800.0
1973-12-01,48.1,,,153.1,,0.0445,333044100.0
1974-01-01,49.5,,,152.8,,0.0446,374191900.0
1974-02-01,49.6,,,152.9,,0.0452,379047400.0
1974-03-01,50.7,,,153.1,,0.045,390842600.0
1974-04-01,51.6,,,153.4,,0.0443,397712600.0
1974-05-01,52.6,,,153.7,,0.0434,395319200.0
1974-06-01,55.0,,,160.3,,0.0432,410497000.0
1974-07-01,58.9,,,161.7,,0.042,385758300.0
1974-08-01,59.1,,,162.4,,0.0402,360870600.0
1974-09-01,60.3,,,162.8,,0.0406,378544400.0
1974-10-01,61.0,,,163.8,,0.0399,334354300.0
1974-11-01,62.5,,,164.9,,0.0366,337491900.0
1974-12-01,62.9,,,164.9,,0.035,315445600.0
1975-01-01,63.9,,,165.0,,0.0343,320208300.0
1975-02-01,64.6,,,164.9,,0.0319,356347700.0
1975-03-01,65.0,,,164.9,,0.0319,334296300.0
1975-04-01,65.3,,,164.2,,0.031,339975900.0
1975-05-01,65.6,,,163.8,,0.0321,385720600.0
1975-06-01,65.7,,,164.0,,0.0317,386478800.0
1975-07-01,66.2,,,163.4,,0.0335,412240800.0
1975-08-01,66.5,,,163.3,,0.0343,437169700.0
1975-09-01,66.8,,,161.8,,0.0353,439096800.0
1975-10-01,66.7,,,160.6,,0.0358,465583600.0
1975-11-01,66.8,,,160.2,,0.0362,474539100.0
1975-12-01,67.1,,,159.9,,0.0377,526638200.0
1976-01-01,67.3,,,156.7,,0.0381,538861700.0
1976-02-01,67.5,,,156.4,,0.038,526831800.0
1976-03-01,67.7,,,155.4,,0.0388,561746300.0
1976-04-01,67.6,,,155.5,,0.0403,607014100.0
1976-05-01,67.2,,,155.7,,0.0425,634929400.0
1976-06-01,67.3,,,155.8,,0.0427,676599600.0
1976-07-01,67.4,,,155.8,,0.0434,712917900.0
1976-08-01,67.6,,,153.9,,0.0449,678795300.0
1976-09-01,68.2,,,153.6,,0.0465,649067300.0
1976-10-01,68.7,,,152.9,,0.0475,684750900.0
1976-11-01,68.8,,,152.7,,0.0481,692951100.0
1976-12-01,68.8,,,150.9,,0.0484,692303500.0
1977-01-01,69.2,,,149.6,,0.049,791674300.0
1977-02-01,69.3,,,149.1,,0.0515,762602000.0
1977-03-01,70.1,,,147.2,,0.0512,780126200.0
1977-04-01,70.8,,,147.2,,0.0523,798414400.0
1977-05-01,70.8,,,146.5,,0.053,769910600.0
1977-06-01,71.5,,,145.5,,0.0551,815205900.0
1977-07-01,72.3,,,144.1,,0.0546,826440300.0
1977-08-01,72.7,,,144.0,,0.0567,842970200.0
1977-09-01,72.6,,,144.2,,0.0572,869219500.0
1977-10-01,73.0,,,144.0,,0.0571,679630700.0
1977-11-01,73.8,,,143.9,,0.0586,929847400.0
1977-12-01,74.0,,,140.3,,0.0583,1083261000.0
1978-01-01,73.8,,,140.4,,0.0575,993512200.0
1978-02-01,74.3,,,139.9,,0.0578,967238600.0
1978-03-01,74.0,,,139.8,,0.0606,1040965000.0
1978-04-01,74.3,,,136.4,,0.0605,1024639000.0
1978-05-01,74.4,,,136.2,,0.0613,991386300.0
1978-06-01,75.5,,,136.3,,0.063,984720900.0
1978-07-01,75.8,,,134.7,,0.0632,1025349000.0
1978-08-01,75.8,,,134.5,,0.0649,1042458000.0
1978-09-01,76.0,,,134.0,,0.0657,1123821000.0
1978-10-01,76.4,,,134.3,,0.0673,1183003000.0
1978-11-01,78.3,,,134.6,,0.069,1150711000.0
1978-12-01,77.8,,,134.8,,0.0701,1140488000.0
1979-01-01,77.9,,,134.5,,0.0715,1065093000.0
1979-02-01,78.9,,,134.5,,0.0736,1179306000.0
1979-03-01,79.7,,,134.9,,0.0742,1236638000.0
1979-04-01,80.4,,,135.4,,0.0723,1168125000.0
1979-05-01,80.2,,,135.3,,0.0747,1227295000.0
1979-06-01,80.4,,,135.4,,0.0778,1207086000.0
1979-07-01,80.1,,,134.5,,0.0766,1251035000.0
1979-08-01,80.0,,,134.6,,0.0786,1344094000.0
1979-09-01,80.3,,,135.4,,0.0799,1361161000.0
1979-10-01,81.7,,,135.9,,0.0822,1328331000.0
1979-11-01,81.3,,,136.8,,0.085,1337946000.0
1979-12-01,81.9,,,138.1,,0.0874,1290547000.0
1980-01-01,82.5,,,138.7,,0.089,1321292000.0
1980-02-01,84.3,,,141.4,,0.0897,1470673000.0
1980-03-01,84.7,,,142.7,,0.0894,1445332000.0
1980-04-01,86.1,,,144.4,,0.0906,1370185000.0
1980-05-01,86.6,,,145.7,,0.089,1368217000.0
1980-06-01,87.3,,,147.1,,0.0861,1378837000.0
1980-07-01,88.7,,,147.2,,0.0847,1450590000.0
1980-08-01,90.9,,,146.7,,0.0855,1508127000.0
1980-09-01,91.0,,,147.0,,0.0857,1495293000.0
1980-10-01,92.5,,,146.7,,0.0872,1578929000.0
1980-11-01,92.1,,,145.7,,0.0881,1569585000.0
1980-12-01,92.2,,,146.4,,0.09,1520649000.0
1981-01-01,93.0,,,145.5,,0.0903,1745166000.0
1981-02-01,94.0,,,145.2,,0.0909,1775142000.0
1981-03-01,97.5,,,145.9,,0.0912,1704281000.0
1981-04-01,98.3,,,145.7,,0.0931,1814440000.0
1981-05-01,99.1,,,144.7,,0.0939,1740476000.0
1981-06-01,100.0,,,,,0.0952,1808764000.0
1981-07-01,100.5,,,142.5,,0.0942,1903582000.0
1981-08-01,101.6,,,142.6,,0.0987,1794287000.0
1981-09-01,102.4,,,146.0,,0.1015,1828317000.0
1981-10-01,103.7,,,146.3,,0.1028,1864245000.0
1981-11-01,105.9,,,147.1,,0.1026,1630631000.0
1981-12-01,105.9,,,146.5,,0.1035,1645045000.0
1982-01-01,105.2,,,145.2,,0.1018,1870589000.0
1982-02-01,106.0,,,144.1,,0.1069,1860343000.0
1982-03-01,106.1,,,143.8,,0.1061,1783112000.0
1982-04-01,106.5,,,143.0,,0.1069,1868503000.0
1982-05-01,107.2,,,142.7,,0.1081,1879576000.0
1982-06-01,107.4,,100.0,143.0,,0.1106,1741850000.0
1982-07-01,107.4,,100.3,144.8,,0.1108,1804272000.0
1982-08-01,107.9,,100.3,140.9,,0.1105,1866095000.0
1982-09-01,106.4,,100.3,141.7,,0.11,2012092000.0
1982-10-01,106.8,,100.8,141.2,,0.1088,2085223000.0
1982-11-01,106.8,,101.7,140.0,,0.1091,1454994000.0
1982-12-01,106.8,,101.7,140.4,,0.1097,1609735000.0
1983-01-01,106.8,,101.9,139.8,,0.1123,1674014000.0
1983-02-01,108.3,,101.9,140.0,,0.1122,1837710000.0
1983-03-01,108.7,,101.9,140.8,,0.1149,1928631000.0
1983-04-01,109.8,,101.9,143.7,,0.1166,1923004000.0
1983-05-01,109.2,,101.9,143.8,,0.1197,1976290000.0
1983-06-01,109.3,,101.9,145.9,,0.1224,2118802000.0
1983-07-01,109.3,,101.9,146.0,,0.1276,2111956000.0
1983-08-01,109.3,,101.9,146.2,,0.1264,2081852000.0
1983-09-01,109.8,,101.9,147.9,,0.1322,2200011000.0
1983-10-01,108.2,,102.0,149.4,,0.1352,2366274000.0
1983-11-01,107.8,,102.0,149.0,,0.1382,1982342000.0
1983-12-01,108.0,,102.0,149.9,,0.1395,2067984000.0
1984-01-01,107.7,,108.0,153.0,,0.1458,2538949000.0
1984-02-01,106.2,,108.0,152.9,,0.1501,2356145000.0
1984-03-01,108.9,,108.2,154.4,,0.1535,2301023000.0
1984-04-01,109.2,,107.8,154.0,,0.1581,2373465000.0
1984-05-01,109.5,,107.2,154.3,,0.1608,2439696000.0
1984-06-01,110.0,,107.2,154.6,,0.165,2537996000.0
1984-07-01,110.2,,107.1,155.5,,0.1693,2477623000.0
1984-08-01,110.3,,107.7,155.2,,0.1725,2349629000.0
1984-09-01,109.7,,104.8,156.4,,0.1729,2284337000.0
1984-10-01,110.1,,105.6,157.0,,0.1756,2489684000.0
1984-11-01,110.5,,106.2,156.5,,0.1769,2540446000.0
1984-12-01,111.3,,106.2,156.3,,0.1755,2461386000.0
1985-01-01,111.5,,105.7,157.0,,0.1789,2091514000.0
1985-02-01,112.1,,105.7,156.6,,0.1752,2108067000.0
1985-03-01,112.0,,105.8,156.4,,0.1736,2380394000.0
1985-04-01,111.4,,106.5,155.8,,0.167,2427983000.0
1985-05-01,110.8,,107.5,152.9,,0.1694,2426520000.0
1985-06-01,111.5,100.0,107.9,151.3,,0.1694,2478880000.0
1985-07-01,111.4,100.7,107.9,152.6,,0.1621,2445563000.0
1985-08-01,111.6,100.9,109.7,152.6,,0.1616,2442208000.0
1985-09-01,111.6,100.8,109.0,153.0,,0.1585,2516570000.0
1985-10-01,111.4,101.2,109.0,152.1,,0.1578,2490699000.0
1985-11-01,111.1,100.7,109.0,152.1,,0.1587,3020447000.0
1985-12-01,111.4,100.7,106.9,152.6,,0.1607,3139817000.0
1986-01-01,111.0,100.8,106.3,153.8,,0.1618,2569529000.0
1986-02-01,111.6,100.9,106.7,154.1,,0.1636,2677040000.0
1986-03-01,111.8,100.9,106.9,155.0,,0.1649,2606475000.0
1986-04-01,112.1,102.1,107.2,155.8,,0.1681,2627744000.0
1986-05-01,111.2,102.1,108.4,155.9,,0.1678,2942719000.0
1986-06-01,111.3,101.3,108.4,156.7,,0.1641,2948432000.0
1986-07-01,111.2,101.4,108.7,156.3,,0.1741,2900915000.0
1986-08-01,111.8,101.5,107.9,155.6,,0.1784,3066861000.0
1986-09-01,111.8,101.4,107.8,157.4,,0.1823,3069314000.0
1986-10-01,111.6,101.7,108.4,157.4,,0.1836,3130239000.0
1986-11-01,113.0,101.5,108.7,156.9,,0.1879,3109169000.0
1986-12-01,112.3,101.5,109.0,157.5,,0.1937,2995652000.0
1987-01-01,112.9,102.0,110.4,157.4,,0.198,3417604000.0
1987-02-01,113.2,102.2,111.1,157.3,,0.2014,3483984000.0
1987-03-01,113.4,103.7,111.5,155.7,,0.2032,3587335000.0
1987-04-01,113.5,103.8,111.5,155.2,,0.2059,3868492000.0
1987-05-01,113.9,104.1,111.5,155.0,,0.2118,3878448000.0
1987-06-01,112.7,104.2,110.3,155.4,,0.2154,4045148000.0
1987-07-01,112.9,104.2,110.6,156.5,,0.2213,4052394000.0
1987-08-01,114.5,104.1,111.6,156.8,,0.2231,3741033000.0
1987-09-01,112.9,103.6,112.2,156.3,,0.2272,4151911000.0
1987-10-01,113.1,104.2,112.2,156.6,,0.2315,3987024000.0
1987-11-01,113.6,103.7,112.7,156.2,,0.2317,4159431000.0
1987-12-01,114.5,103.7,112.7,156.3,,0.2353,4509367000.0
1988-01-01,113.8,103.7,113.9,155.0,,0.2351,4789740000.0
1988-02-01,114.9,104.5,113.6,156.3,,0.2358,4876007000.0
1988-03-01,114.7,105.7,113.6,155.4,,0.2353,4748192000.0
1988-04-01,115.1,106.3,113.6,154.8,,0.2367,4803424000.0
1988-05-01,114.7,106.7,113.6,156.1,,0.2394,4701270000.0
1988-06-01,114.2,106.9,113.7,156.5,,0.2425,4731278000.0
1988-07-01,115.8,106.7,113.8,156.5,,0.2452,5150450000.0
1988-08-01,117.3,106.8,116.4,157.2,,0.2482,5513465000.0
1988-09-01,116.7,107.4,116.4,156.9,,0.2499,5190705000.0
1988-10-01,116.9,108.7,116.5,155.8,,0.2519,5105752000.0
1988-11-01,117.5,108.3,116.7,157.1,,0.2558,5492380000.0
1988-12-01,118.9,108.2,118.0,157.2,,0.2588,5470785000.0
1989-01-01,121.1,110.1,118.9,155.3,,0.2563,5315155000.0
1989-02-01,122.9,111.0,119.0,155.5,,0.2545,5136434000.0
1989-03-01,123.1,111.9,119.1,155.2,,0.2528,5239301000.0
1989-04-01,123.6,112.9,119.4,155.1,,0.2576,4976067000.0
1989-05-01,123.9,113.3,119.8,155.1,,0.2579,4893050000.0
1989-06-01,125.6,114.3,121.8,155.4,,0.2624,5085765000.0
1989-07-01,125.2,114.1,122.7,155.0,,0.2634,5227424000.0
1989-08-01,126.3,114.3,123.2,155.1,,0.2698,5446239000.0
1989-09-01,126.7,114.3,127.3,154.8,,0.2728,5311039000.0
1989-10-01,127.0,114.6,127.6,156.0,,0.2772,5102673000.0
1989-11-01,127.1,115.5,127.6,154.9,,0.2786,5395557000.0
1989-12-01,126.8,115.5,127.6,153.3,,0.2807,5222357000.0
1990-01-01,129.6,116.5,130.6,153.4,,0.2833,4886476000.0
1990-02-01,130.1,117.2,130.9,152.7,,0.2874,5398260000.0
1990-03-01,130.5,118.2,134.1,152.3,,0.2914,5259125000.0
1990-04-01,130.6,118.0,134.2,151.9,,0.293,5080392000.0
1990-05-01,131.2,118.2,134.2,151.9,,0.2931,5164716000.0
1990-06-01,130.8,118.3,134.2,152.1,,0.2952,5346677000.0
1990-07-01,132.7,119.0,134.4,151.8,,0.2948,5465828000.0
1990-08-01,132.4,119.2,134.4,150.3,,0.2966,5606205000.0
1990-09-01,132.6,119.2,134.4,150.3,,0.3014,5847430000.0
1990-10-01,132.9,119.3,134.4,150.3,,0.3024,5177477000.0
1990-11-01,133.4,119.6,138.0,150.1,,0.3063,5658246000.0
1990-12-01,133.8,119.6,138.0,150.1,,0.3082,6008565000.0
1991-01-01,134.7,120.9,138.6,151.4,,0.3119,5636204000.0
1991-02-01,135.3,121.3,138.6,151.4,,0.3183,5633599000.0
1991-03-01,135.6,122.0,138.6,149.5,,0.3217,5701036000.0
1991-04-01,135.8,121.7,138.6,149.6,,0.3239,5900837000.0
1991-05-01,136.1,121.7,138.6,149.4,,0.3307,6173514000.0
1991-06-01,136.1,121.8,138.6,149.5,,0.3287,6100245000.0
1991-07-01,135.4,121.9,139.5,148.3,,0.3341,5739327000.0
1991-08-01,135.2,122.0,140.1,147.9,,0.3373,5866470000.0
1991-09-01,135.4,121.9,141.5,146.9,,0.336,5698855000.0
1991-10-01,135.3,122.2,141.0,145.9,,0.3401,6247144000.0
1991-11-01,135.9,121.9,141.0,145.2,,0.3426,6435514000.0
1991-12-01,136.3,121.8,141.0,145.4,,0.3485,6575149000.0
1992-01-01,136.1,122.1,141.4,144.1,,0.3592,6514655000.0
1992-02-01,135.5,122.2,141.4,143.6,,0.3629,5967888000.0
1992-03-01,136.1,122.4,141.5,145.2,,0.3675,6323997000.0
1992-04-01,135.9,123.9,141.5,144.6,,0.3725,6434983000.0
1992-05-01,135.9,124.1,141.5,142.4,,0.3777,6297007000.0
1992-06-01,135.7,124.2,141.5,141.8,,0.3903,6542664000.0
1992-07-01,135.6,124.2,141.5,141.0,,0.3998,6509286000.0
1992-08-01,133.9,124.1,142.3,140.2,,0.4037,6419505000.0
1992-09-01,133.6,123.8,142.3,140.2,,0.4115,6580042000.0
1992-10-01,133.7,123.8,142.3,140.4,,0.4232,6755507000.0
1992-11-01,133.5,123.8,142.4,139.7,,0.4323,6354815000.0
1992-12-01,133.8,124.4,142.5,140.9,510.0,0.4328,6072653000.0
1993-01-01,133.9,125.2,143.7,140.3,505.4,0.4288,6418599000.0
1993-02-01,133.3,126.0,143.6,141.0,469.7,0.4334,6806587000.0
1993-03-01,133.4,126.1,143.7,141.5,474.6,0.4375,6806158000.0
1993-04-01,132.6,126.1,143.7,141.7,462.6,0.4391,6780482000.0
1993-05-01,132.2,126.0,143.7,142.4,454.8,0.444,6678885000.0
1993-06-01,132.5,125.6,143.7,142.6,449.9,0.4523,6761233000.0
1993-07-01,132.4,125.8,143.7,141.6,441.9,0.4545,6820261000.0
1993-08-01,132.7,126.0,143.7,141.6,443.9,0.4599,6861342000.0
1993-09-01,133.2,126.2,144.5,141.7,434.6,0.4631,7117392000.0
1993-10-01,133.3,125.9,144.5,142.5,420.2,0.4668,7131649000.0
1993-11-01,133.1,125.8,144.5,143.2,421.7,0.4708,7008330000.0
1993-12-01,133.1,126.3,144.5,142.3,416.1,0.483,7121225000.0
1994-01-01,132.6,126.4,145.0,141.8,414.2,0.4985,7215056000.0
1994-02-01,133.5,128.0,146.0,141.4,402.8,0.5062,7124109000.0
1994-03-01,134.7,127.9,146.0,141.1,408.9,0.5273,7418421000.0
1994-04-01,134.0,128.8,146.0,141.4,405.4,0.5528,7705932000.0
1994-05-01,134.8,129.1,145.6,142.2,403.3,0.5692,7735736000.0
1994-06-01,134.3,128.4,146.2,142.4,401.5,0.578,7782433000.0
1994-07-01,135.1,128.4,146.2,142.0,401.1,0.5934,7819439000.0
1994-08-01,135.4,129.3,146.2,140.3,399.4,0.61,7977577000.0
1994-09-01,135.5,129.5,148.2,138.7,380.1,0.631,8290898000.0
1994-10-01,137.2,129.3,148.3,137.3,364.6,0.6515,8419494999.999998
1994-11-01,136.7,129.1,148.2,136.7,359.9,0.6711,8861651000.0
1994-12-01,136.7,130.0,148.3,136.1,360.8,0.696,9401567000.0
1995-01-01,137.1,131.5,148.5,135.1,359.0,0.7128,9262065000.0
1995-02-01,136.9,131.3,148.6,136.4,348.6,0.7332,9531744000.0
1995-03-01,137.1,132.5,148.6,133.4,344.2,0.7641,9775273000.0
1995-04-01,137.5,132.8,149.4,133.1,351.4,0.786,10135400000.0
1995-05-01,138.1,132.2,149.4,132.4,350.7,0.8132,10479250000.0
1995-06-01,139.5,132.2,149.4,132.1,350.0,0.8325,10555420000.0
1995-07-01,139.9,132.6,149.6,130.3,347.2,0.8408,10800910000.0
1995-08-01,139.7,131.9,148.5,129.6,338.4,0.8831,11175060000.0
1995-09-01,139.2,133.0,146.3,129.8,335.2,0.9276,10974020000.0
1995-10-01,140.2,132.8,146.4,129.9,333.9,0.9531,11032660000.0
1995-11-01,140.5,133.3,146.4,130.0,329.0,0.9781,10839540000.0
1995-12-01,140.9,132.6,146.4,128.9,326.2,1.0278,10649000000.0
1996-01-01,140.9,133.3,146.4,129.2,325.2,1.0786,11497460000.0
1996-02-01,141.4,133.6,146.4,128.6,315.4,1.1394,11336350000.0
1996-03-01,140.8,133.9,146.4,125.5,314.1,1.1712,11184680000.0
1996-04-01,140.8,133.0,146.4,123.5,294.5,1.1973,10745150000.0
1996-05-01,140.6,133.4,146.4,121.9,298.1,1.2357,10949180000.0
1996-06-01,138.9,134.0,144.4,120.9,289.6,1.2657,10669190000.0
1996-07-01,138.7,133.2,145.0,121.0,285.5,1.3083,10234910000.0
1996-08-01,138.6,133.6,145.0,121.4,284.6,1.3579,10144700000.0
1996-09-01,139.4,133.4,145.0,121.4,279.9,1.4113,10173070000.0
1996-10-01,139.0,132.8,145.0,118.8,279.5,1.4788,11145030000.0
1996-11-01,139.2,134.9,145.0,118.5,277.7,1.5209,11001520000.0
1996-12-01,139.9,134.1,146.9,118.2,277.7,1.5532,10920610000.0
1997-01-01,138.6,133.3,146.9,116.6,278.1,1.5955,10637170000.0
1997-02-01,138.7,133.6,146.9,114.8,275.5,1.6798,10480920000.0
1997-03-01,140.0,134.0,147.4,114.8,272.5,1.747,10968980000.0
1997-04-01,139.2,134.0,147.4,114.0,265.1,1.7981,11349900000.0
1997-05-01,139.7,135.1,147.4,111.6,263.3,1.8763,11522510000.0
1997-06-01,140.1,135.1,146.0,112.0,262.6,1.9274,11719390000.0
1997-07-01,140.0,135.1,147.0,111.8,257.6,1.9704,12182670000.0
1997-08-01,140.1,135.2,147.0,108.1,255.9,2.0717,11614070000.0
1997-09-01,139.6,135.3,146.5,107.9,250.8,2.1723,11529010000.0
1997-10-01,140.5,136.3,146.7,106.2,248.9,2.2375,11740080000.0
1997-11-01,139.4,136.5,146.7,105.4,247.9,2.3128,11488180000.0
1997-12-01,140.7,136.4,146.6,105.2,246.2,2.3681,11036500000.0
1998-01-01,140.6,138.2,146.8,104.1,242.6,2.4334,10740900000.0
1998-02-01,139.3,137.1,146.9,103.2,239.3,2.4396,12189320000.0
1998-03-01,140.2,138.1,146.7,103.1,238.5,2.4932,11871760000.0
1998-04-01,141.0,137.8,146.7,102.9,236.4,2.5916,11784420000.0
1998-05-01,141.3,137.2,146.8,102.0,235.7,2.6278,11262010000.0
1998-06-01,141.8,138.0,146.9,101.9,234.1,2.7404,10839090000.0
1998-07-01,141.1,138.0,146.9,101.5,229.6,2.8884,10369640000.0
1998-08-01,140.8,137.5,147.0,101.0,227.9,3.0318,10282860000.0
1998-09-01,142.1,137.8,147.1,100.3,227.0,3.2134,10755610000.0
1998-10-01,142.1,139.5,147.1,100.2,221.5,3.3835,10280030000.0
1998-11-01,141.3,139.5,147.2,100.1,220.8,3.5101,11050340000.0
1998-12-01,140.8,139.4,147.2,100.0,215.4,3.6676,11412130000.0
1999-01-01,140.9,140.6,148.3,99.4,214.6,3.8312,10609280000.0
1999-02-01,141.1,141.4,148.4,99.1,213.8,4.0388,10396070000.0
1999-03-01,140.9,139.9,148.5,98.9,213.4,4.2019,11244120000.0
1999-04-01,140.8,139.2,148.5,98.5,213.6,4.3865,11445930000.0
1999-05-01,140.8,139.9,148.6,98.4,213.6,4.5252,11303100000.0
1999-06-01,140.8,141.1,148.6,97.5,213.4,4.7196,12158430000.0
1999-07-01,144.4,141.0,148.7,96.9,198.5,5.0164,12195310000.0
1999-08-01,144.7,141.2,148.8,96.8,198.4,4.9717,11909540000.0
1999-09-01,144.7,141.2,148.8,97.0,196.7,4.9603,12099140000.0
1999-10-01,144.7,142.1,148.9,96.3,195.1,5.1056,12872980000.0
1999-11-01,144.7,142.0,149.0,95.4,192.4,5.3139,13571880000.0
1999-12-01,144.7,142.3,149.0,94.8,191.7,5.4565,13812780000.0
2000-01-01,145.0,142.6,149.1,93.3,186.9,5.6204,13779630000.0
2000-02-01,145.3,143.0,149.0,92.2,186.8,5.7762,14021710000.0
2000-03-01,145.8,142.9,149.1,92.1,183.8,6.0549,13892580000.0
2000-04-01,146.0,143.5,149.2,92.0,183.1,6.3692,13598430000.0
2000-05-01,147.4,144.2,149.2,90.4,182.7,6.6909,14357880000.0
2000-06-01,147.3,143.5,149.3,90.6,182.0,6.9542,14680610000.0
2000-07-01,146.8,143.6,149.9,91.3,183.3,7.3065,14921720000.0
2000-08-01,146.6,143.2,149.9,91.5,183.3,7.4126,15486070000.0
2000-09-01,146.1,143.3,150.0,91.0,183.3,7.5405,15209150000.0
2000-10-01,146.4,143.1,149.9,90.1,183.3,7.6973,14663760000.0
2000-11-01,145.0,143.1,150.0,89.6,183.3,8.0352,14330080000.0
2000-12-01,145.1,144.1,150.1,89.2,179.5,8.2806,14031230000.0
2001-01-01,145.6,143.4,150.1,89.2,179.5,8.1569,14096680000.0
2001-02-01,145.3,145.7,150.2,88.8,171.3,8.119,14720080000.0
2001-03-01,145.2,145.8,150.3,88.6,171.4,8.1813,13559280000.0
2001-04-01,145.2,146.9,150.3,87.7,171.4,8.0418,12242680000.0
2001-05-01,144.7,148.3,150.4,87.8,169.3,7.9237,12985770000.0
2001-06-01,144.6,148.8,150.5,87.3,168.8,7.8019,12591290000.0
2001-07-01,144.6,149.6,151.2,86.4,168.8,7.4679,11708640000.0
2001-08-01,144.3,148.4,151.3,85.4,165.5,7.5992,12378290000.0
2001-09-01,144.3,149.2,151.4,85.3,165.8,7.7622,12377000000.0
2001-10-01,144.2,149.5,151.4,84.9,164.3,7.923,11796340000.0
2001-11-01,143.9,148.7,151.5,85.0,162.5,7.8071,11658230000.0
2001-12-01,143.7,147.4,151.6,85.1,161.0,8.1924,11493040000.0
2002-01-01,142.1,148.7,151.7,85.1,148.0,8.3054,12289430000.0
2002-02-01,142.1,149.4,151.8,85.3,147.9,8.6572,12331620000.0
2002-03-01,141.6,149.3,151.9,85.4,145.1,8.8337,12582900000.0
2002-04-01,141.8,150.6,152.0,84.1,143.0,9.0789,13364840000.0
2002-05-01,142.0,149.0,153.0,83.8,140.0,9.2091,13739040000.0
2002-06-01,142.1,150.0,153.1,83.6,136.4,9.3702,12734240000.0
2002-07-01,141.6,148.8,153.2,83.8,134.8,9.5136,13675220000.0
2002-08-01,141.3,149.6,153.9,83.7,135.3,9.6704,14637620000.0
2002-09-01,141.3,149.2,153.1,83.5,135.1,9.761,13946380000.0
2002-10-01,141.3,150.3,153.4,83.3,131.8,9.873,14564140000.0
2002-11-01,141.1,150.4,153.5,83.2,130.0,9.9873,14528880000.0
2002-12-01,142.2,152.5,153.5,80.4,130.3,10.0899,14434660000.0
2003-01-01,142.0,152.6,154.0,80.2,130.1,10.4129,15468770000.0
2003-02-01,141.3,152.2,154.0,79.8,130.1,10.776,14687720000.0
2003-03-01,141.4,152.2,154.1,79.4,125.2,10.9388,14877830000.0
2003-04-01,141.6,152.4,153.9,79.4,123.1,11.1714,15538630000.0
2003-05-01,141.5,150.6,154.4,79.5,118.2,11.5326,14605320000.0
2003-06-01,141.3,152.5,154.4,78.6,118.1,11.9971,15212670000.0
2003-07-01,142.2,149.7,154.5,78.6,117.8,12.5721,15923440000.0
2003-08-01,142.2,150.9,153.1,74.3,116.9,12.961,16032139999.999998
2003-09-01,142.2,150.0,153.5,72.9,116.8,13.4829,17234230000.0
2003-10-01,142.0,150.1,153.9,72.9,114.5,14.0285,18127420000.0
2003-11-01,142.0,150.7,154.1,73.6,110.6,14.4245,17676300000.0
2003-12-01,142.0,149.9,154.5,72.0,109.7,14.5241,18820050000.0
2004-01-01,142.2,151.2,154.3,71.7,109.6,14.7787,20598260000.0
2004-02-01,140.9,149.7,154.1,72.0,107.8,15.1371,20829680000.0
2004-03-01,141.4,151.3,154.5,71.6,107.7,15.4862,20609100000.0
2004-04-01,142.3,152.9,154.7,71.8,107.1,15.6914,21148980000.0
2004-05-01,144.6,153.5,154.7,71.8,106.9,16.0261,20711280000.0
2004-06-01,144.9,153.5,154.8,72.2,106.1,16.1199,21098880000.0
2004-07-01,145.6,156.3,155.3,72.1,105.6,16.0467,21485760000.0
2004-08-01,146.1,155.8,155.4,71.8,106.5,16.1569,20766520000.0
2004-09-01,147.1,155.7,155.7,71.5,105.9,16.4619,20940120000.0
2004-10-01,150.3,155.9,156.1,71.2,105.1,16.5854,22014620000.0
2004-11-01,151.0,153.7,155.8,71.0,100.0,16.6828,22050050000.0
2004-12-01,153.3,154.6,156.4,71.5,100.0,17.0073,22637210000.0
2005-01-01,155.0,158.2,156.6,70.5,101.5,17.6704,23883570000.0
2005-02-01,155.7,158.1,156.8,70.3,100.6,18.1825,22643110000.0
2005-03-01,158.2,159.9,156.8,70.1,99.9,18.4566,22947430000.0
2005-04-01,158.9,161.3,157.5,70.0,100.4,19.0442,22824220000.0
2005-05-01,158.9,160.2,158.4,70.0,99.9,19.3043,22716450000.0
2005-06-01,160.7,162.7,158.2,69.8,100.3,19.5147,23192790000.0
2005-07-01,161.1,159.5,154.1,70.1,99.4,19.8457,23611260000.0
2005-08-01,161.2,160.0,155.0,70.3,98.6,20.3867,24419530000.0
2005-09-01,162.6,159.9,154.8,69.4,97.5,21.0523,24651820000.0
2005-10-01,163.5,161.8,155.1,68.7,95.7,21.5116,24635430000.0
2005-11-01,166.6,162.3,156.4,67.7,95.7,21.5232,24802110000.0
2005-12-01,168.1,160.9,157.4,67.2,93.6,21.7009,24930030000.0
2006-01-01,170.0,163.1,159.9,66.5,93.4,21.8082,25076270000.0
2006-02-01,170.5,165.0,159.0,65.9,93.0,22.1027,26158520000.0
2006-03-01,172.4,165.5,158.5,65.6,93.0,21.9577,25947430000.0
2006-04-01,174.3,165.8,159.1,66.4,93.0,21.8225,25433430000.0
2006-05-01,175.1,165.6,159.4,66.6,91.8,21.9945,27384700000.0
2006-06-01,185.9,166.7,160.7,66.5,91.1,22.1243,27292780000.0
2006-07-01,188.6,166.2,161.5,66.7,90.4,22.1712,25985150000.0
2006-08-01,191.2,168.8,161.8,66.6,89.9,22.9459,28677930000.0
2006-09-01,193.7,169.8,163.3,67.3,89.4,23.5311,29451230000.0
2006-10-01,194.1,170.2,163.3,66.6,89.6,23.8685,27742060000.0
2006-11-01,194.0,169.8,164.2,66.8,89.6,24.1796,28857100000.0
2006-12-01,194.7,173.2,164.9,66.8,89.4,24.4525,28646080000.0
2007-01-01,197.2,175.2,166.2,67.0,89.3,24.6575,29911760000.0
2007-02-01,203.1,177.1,170.2,62.5,89.0,25.0646,29212550000.0
2007-03-01,204.5,178.4,170.7,60.9,89.0,26.0529,29294360000.0
2007-04-01,204.8,179.1,171.8,60.8,88.6,27.0673,29586040000.0
2007-05-01,207.2,179.1,172.9,59.5,87.6,27.624,30594930000.0
2007-06-01,206.4,179.2,167.4,60.1,87.6,28.404,30864610000.0
2007-07-01,207.6,179.6,167.5,58.3,87.2,29.4484,30642240000.0
2007-08-01,209.7,177.7,167.5,57.1,87.4,29.9392,31922060000.0
2007-09-01,207.9,181.7,167.8,56.4,87.3,30.6273,29914750000.0
2007-10-01,208.4,181.3,167.8,55.1,87.2,31.9479,33367490000.0
2007-11-01,209.6,182.1,168.7,54.8,87.1,33.2623,34435700000.0
2007-12-01,211.0,182.5,168.8,53.9,87.0,34.4632,32595880000.0
2008-01-01,217.0,180.9,169.0,53.6,87.0,34.629,34830860000.0
2008-02-01,217.9,183.3,174.6,53.5,87.2,35.8672,34625210000.0
2008-03-01,225.0,183.7,178.4,53.5,86.7,36.9496,34690830000.0
2008-04-01,226.4,185.3,178.4,53.4,86.9,37.1894,37509100000.0
2008-05-01,229.6,184.8,183.5,53.5,86.5,37.4433,38177770000.0
2008-06-01,234.6,186.7,183.5,53.3,86.3,37.5504,36761520000.0
2008-07-01,239.0,188.5,193.6,52.8,86.2,36.5835,39988730000.0
2008-08-01,238.2,191.1,193.6,52.4,85.4,36.2134,38846470000.0
2008-09-01,238.6,190.7,193.6,52.3,85.3,35.4506,37269970000.0
2008-10-01,238.9,191.8,204.2,52.6,85.1,33.0694,36485600000.0
2008-11-01,225.3,191.0,205.3,52.0,84.6,29.6703,27907590000.0
2008-12-01,221.8,192.3,205.3,51.4,84.3,26.4554,26296060000.0
2009-01-01,215.2,193.9,208.7,50.0,84.3,25.7565,23611570000.0
2009-02-01,218.5,190.4,209.5,50.4,81.8,26.4467,27229110000.0
2009-03-01,220.2,193.2,209.9,49.7,81.7,27.437,27874000000.0
2009-04-01,219.6,194.7,207.9,49.2,81.7,28.1607,28891330000.0
2009-05-01,219.7,190.6,207.7,49.4,81.1,28.8107,28033070000.0
2009-06-01,221.6,191.7,209.8,49.3,81.1,29.5193,30751830000.0
2009-07-01,221.1,191.7,210.8,49.8,81.1,30.8125,31716320000.0
2009-08-01,224.4,193.8,211.0,49.9,81.1,31.7491,30386450000.0
2009-09-01,227.0,193.6,213.1,49.9,68.1,33.2342,34029280000.0
2009-10-01,228.0,194.2,209.5,50.1,68.1,34.4543,33132930000.0
2009-11-01,231.2,194.6,210.1,50.1,68.1,35.6256,33275160000.0
2009-12-01,232.8,194.5,210.2,50.0,67.6,35.8859,34955090000.0
2010-01-01,235.2,194.2,211.2,48.3,67.6,37.7084,33904200000.000004
2010-02-01,235.6,193.4,210.0,48.7,67.0,39.7907,35833070000.0
2010-03-01,235.4,194.5,209.1,48.5,66.4,41.8052,36744690000.0
2010-04-01,235.6,194.7,209.3,48.3,66.1,43.3374,37866490000.0
2010-05-01,238.4,194.2,210.2,48.3,66.0,44.5459,38837810000.0
2010-06-01,237.0,195.8,210.0,47.8,66.0,44.9888,40398950000.0
2010-07-01,236.5,194.9,210.3,47.9,64.7,45.9565,40130160000.0
2010-08-01,236.6,195.8,210.5,47.2,65.9,46.8431,38213930000.0
2010-09-01,236.7,195.2,210.4,46.7,65.8,47.6073,39720330000.0
2010-10-01,237.5,196.1,211.1,46.2,65.8,48.4053,42270870000.0
2010-11-01,238.5,195.5,211.0,44.7,65.8,50.1826,40300530000.0
2010-12-01,238.5,196.4,211.7,44.2,65.8,52.5176,43712150000.0
2011-01-01,240.5,194.4,212.7,44.1,65.5,53.7716,47366890000.0
2011-02-01,242.9,195.4,212.2,44.6,65.6,54.1177,42953190000.0
2011-03-01,244.1,198.3,211.9,44.4,65.5,53.7497,45978590000.0
2011-04-01,245.7,198.8,212.7,44.1,65.2,53.7194,47863490000.0
2011-05-01,246.5,198.5,214.1,44.1,65.2,54.0203,46413700000.0
2011-06-01,245.6,199.3,215.0,44.2,65.2,54.2273,45731710000.0
2011-07-01,245.3,200.0,213.2,43.9,65.5,53.6659,48117660000.0
2011-08-01,245.3,199.5,212.0,43.6,63.4,55.0189,48126380000.0
2011-09-01,243.5,199.2,213.2,42.6,63.4,54.9714,46836860000.0
2011-10-01,243.4,198.2,211.6,42.5,63.5,54.7035,45270290000.0
2011-11-01,243.4,198.6,210.2,41.7,66.7,55.2388,45605740000.0
2011-12-01,243.8,197.8,211.5,40.8,68.1,55.9485,46229100000.0
2012-01-01,246.8,197.8,207.5,40.3,68.6,56.5696,45101080000.0
2012-02-01,247.1,199.2,208.3,40.4,67.5,57.7653,49880690000.0
2012-03-01,243.5,198.4,208.9,40.3,67.3,58.3927,46576810000.0
2012-04-01,245.4,199.1,209.1,40.4,66.9,59.087,44630800000.0
2012-05-01,244.6,199.1,210.8,40.7,67.6,59.9974,46796600000.0
2012-06-01,243.2,198.6,212.9,40.1,67.4,61.0013,45698160000.0
2012-07-01,240.1,199.0,213.1,40.0,67.0,60.6111,44313110000.0
2012-08-01,240.2,199.1,212.2,39.7,65.5,59.8824,45123490000.0
2012-09-01,240.4,199.2,211.0,39.7,64.5,60.984,45405220000.0
2012-10-01,241.5,199.2,212.7,39.7,64.3,62.4098,46306360000.0
2012-11-01,240.4,199.3,213.6,39.4,63.1,62.1728,46340930000.0
2012-12-01,239.9,199.3,213.4,39.1,62.2,62.3427,44796730000.0
2013-01-01,241.3,201.2,213.1,39.2,62.2,62.7268,48120410000.0
2013-02-01,241.3,201.2,212.7,39.1,62.2,62.014,47086740000.0
2013-03-01,242.2,201.2,213.5,38.8,62.3,62.6561,45405300000.0
2013-04-01,240.6,201.2,213.6,39.4,62.3,63.8934,45525010000.0
2013-05-01,241.9,201.2,214.3,39.8,62.1,64.9148,47900960000.0
2013-06-01,240.2,201.2,214.0,39.8,62.0,65.7834,45468070000.0
2013-07-01,239.2,201.2,215.5,39.8,62.1,66.8912,45692040000.0
2013-08-01,240.6,201.1,214.7,39.6,61.7,68.0148,47873850000.0
2013-09-01,241.5,201.1,215.9,39.3,61.5,68.6801,45367350000.0
2013-10-01,240.9,201.4,216.0,39.4,61.2,70.6466,48583010000.0
2013-11-01,240.5,203.1,218.2,39.4,61.4,71.7685,47450440000.0
2013-12-01,239.7,203.1,217.9,39.4,61.0,72.8464,46886320000.0
2014-01-01,240.1,203.5,217.0,38.7,61.0,74.522,48728050000.0
2014-02-01,240.4,203.7,217.3,38.5,60.8,76.7132,47190040000.0
2014-03-01,241.6,200.1,220.1,38.3,60.8,78.497,47672620000.0
2014-04-01,241.1,200.7,219.8,38.3,60.8,80.0616,48983070000.0
2014-05-01,241.6,200.0,219.4,38.3,60.7,81.8774,47882720000.0
2014-06-01,241.5,199.1,219.8,38.3,60.7,82.4052,46366990000.0
2014-07-01,242.7,199.9,219.4,38.3,60.7,82.7456,47951810000.0
2014-08-01,243.0,199.4,220.8,38.3,60.2,82.6163,47782440000.0
2014-09-01,242.2,199.4,222.5,38.4,60.2,82.6105,47902280000.0
2014-10-01,241.4,199.5,223.2,38.3,60.2,82.3956,49729360000.0
2014-11-01,240.0,199.5,223.4,38.2,60.1,81.9877,46356600000.0
2014-12-01,239.3,199.5,224.0,38.2,60.1,82.1515,47984340000.0
2015-01-01,237.2,199.5,220.1,38.1,60.1,82.1504,48473990000.0
2015-02-01,234.9,199.9,221.0,38.1,59.2,81.8215,45574700000.0
2015-03-01,234.3,199.9,223.5,38.0,59.2,81.026,45533550000.0
2015-04-01,231.1,199.9,221.0,37.9,59.2,80.5543,44973720000.0
2015-05-01,231.8,199.9,221.6,38.0,58.2,79.9374,42856290000.0
2015-06-01,231.3,200.1,218.9,37.6,58.2,80.4261,45200580000.0
2015-07-01,230.9,198.0,222.9,37.7,58.1,79.8745,44901540000.0
2015-08-01,230.1,198.4,220.4,37.4,58.1,80.2585,41182380000.0
2015-09-01,228.2,199.2,221.1,37.3,58.1,80.721,42752080000.0
2015-10-01,225.4,198.7,221.0,37.3,58.0,81.048,42865000000.0
2015-11-01,223.9,198.9,220.7,37.3,58.0,81.2548,43222190000.0
2015-12-01,223.1,199.5,221.3,37.2,58.0,82.4698,41595710000.0
2016-01-01,223.1,199.9,220.6,36.7,57.9,81.6281,38751240000.0
2016-02-01,226.4,198.7,220.8,36.5,57.8,82.5464,39685910000.0
2016-03-01,227.7,198.9,221.0,36.4,57.5,82.9313,41666310000.0
2016-04-01,228.6,198.5,220.0,36.4,57.5,83.7862,39934200000.0
2016-05-01,228.5,199.2,220.2,36.4,59.2,84.7635,40648120000.0
2016-06-01,228.5,199.1,221.6,36.3,59.1,86.0963,43283440000.0
2016-07-01,228.4,199.8,221.8,36.3,59.1,88.2021,40900830000.0
2016-08-01,228.1,201.0,220.8,36.2,59.1,89.4199,41299850000.0
2016-09-01,227.9,200.3,220.5,36.2,59.1,91.3266,40689750000.0
2016-10-01,228.1,200.6,220.6,36.0,59.1,92.678,41190340000.0
2016-11-01,228.6,199.4,220.4,35.9,58.3,93.5939,44806470000.0
2016-12-01,230.2,199.6,219.9,35.9,58.3,94.1908,43707900000.0
2017-01-01,231.5,198.9,218.7,36.4,58.3,95.0183,43536900000.0
2017-02-01,232.3,199.0,214.0,36.4,58.3,96.0273,47008960000.0
2017-03-01,233.1,200.7,213.6,36.3,58.3,97.5229,47837160000.0
2017-04-01,235.5,200.5,213.1,36.7,58.3,101.0176,48863610000.0
2017-05-01,235.9,200.3,213.4,36.6,58.3,101.0408,46211460000.0
2017-06-01,234.7,200.4,216.7,36.6,58.3,100.548,49496690000.0
2017-07-01,234.1,200.3,215.0,35.5,58.3,99.5657,48073300000.0
2017-08-01,233.6,200.3,215.1,35.4,58.3,99.3714,49493110000.0
2017-09-01,233.7,201.2,215.1,34.8,58.3,100.0478,52870750000.0
2017-10-01,236.7,200.4,214.3,34.8,58.3,101.3948,45604840000.0
2017-11-01,237.3,201.4,209.1,34.7,58.3,103.144,47676940000.0
2017-12-01,236.6,201.7,204.5,34.7,57.0,105.3014,49168690000.0
2018-01-01,237.6,202.5,202.9,34.8,57.5,106.5123,51220790000.0
2018-02-01,240.6,203.0,206.7,35.0,56.7,106.2109,50249810000.0
2018-03-01,240.9,204.5,211.2,34.9,56.7,105.5107,49008130000.0
2018-04-01,243.5,204.7,211.1,34.9,56.6,106.0022,49335460000.0
2018-05-01,243.5,204.4,210.4,34.7,58.5,106.3259,51050980000.0
2018-06-01,245.7,204.8,210.4,34.7,58.5,107.3727,50110570000.0
2018-07-01,249.5,205.1,210.5,34.1,58.5,107.5357,51159020000.0
2018-08-01,250.1,205.1,211.7,33.6,58.5,107.8675,52570320000.0
2018-09-01,249.8,205.9,211.8,33.5,58.5,106.6054,49945530000.0
2018-10-01,249.7,205.3,214.7,33.3,58.5,105.2557,54038430000.0
2018-11-01,250.1,205.6,216.0,33.3,58.5,103.0036,50828990000.0
2018-12-01,250.2,206.2,218.4,33.2,57.1,102.4992,47292820000.0
2019-01-01,249.9,208.2,218.9,32.6,57.1,103.7506,48490850000.0
2019-02-01,249.7,208.2,220.3,32.5,57.1,104.7604,44212430000.0
2019-03-01,252.0,210.1,220.4,32.5,57.0,105.3679,45191440000.0
2019-04-01,251.4,210.1,221.0,32.6,57.4,105.8286,48102840000.0
2019-05-01,252.1,210.2,221.9,32.4,56.5,105.8115,46173340000.0
2019-06-01,251.7,210.3,222.3,32.5,56.5,106.7633,43430100000.0
2019-07-01,252.8,211.1,222.7,32.5,56.4,107.5196,45371260000.0
2019-08-01,251.6,212.1,223.3,32.6,57.3,109.1758,45299620000.0
2019-09-01,252.3,214.7,223.7,32.7,54.1,108.7369,43924120000.0
2019-10-01,252.2,214.8,223.2,32.5,58.3,108.9746,45898010000.0
2019-11-01,254.0,214.8,223.8,32.5,58.1,110.9638,44005030000.0
2019-12-01,256.1,214.8,224.9,32.6,60.2,112.6269,44000350000.0
2020-01-01,255.5,217.2,226.2,32.3,57.7,110.9344,45939340000.0
2020-02-01,256.2,219.6,226.8,32.4,57.7,108.6923,44939410000.0
2020-03-01,255.3,218.4,227.2,32.5,57.8,109.4757,44939030000.0
2020-04-01,253.1,218.4,227.2,31.6,57.8,107.5225,35466310000.0
2020-05-01,251.6,218.4,227.7,31.5,57.8,107.1574,35470810000.0
2020-06-01,252.1,218.9,229.3,31.5,57.8,109.2417,38734390000.0
2020-07-01,254.7,220.6,229.8,31.3,58.1,111.7799,41787250000.0
2020-08-01,255.6,218.4,229.3,31.2,58.1,112.4082,41273700000.0
2020-09-01,256.0,218.8,229.6,31.2,58.2,115.8024,46047670000.0
2020-10-01,256.9,219.3,229.9,30.1,58.2,119.86,45174060000.0
2020-11-01,258.1,220.4,230.5,30.1,58.2,121.1263,45175360000.0
2020-12-01,258.8,221.1,230.9,30.2,58.1,121.0366,49796590000.0
2021-01-01,262.0,221.5,231.2,30.1,58.1,120.3158,50648430000.0
2021-02-01,263.0,222.9,231.7,30.0,58.1,119.1051,49546840000.0
2021-03-01,269.6,223.0,232.1,30.1,58.1,119.6459,51453960000.0
2021-04-01,274.1,225.4,232.4,30.0,58.1,121.9916,50954430000.0
2021-05-01,285.6,226.2,234.6,30.1,58.1,123.9862,51174220000.0
2021-06-01,302.7,227.1,234.3,30.2,58.3,121.2857,54055060000.0
2021-07-01,304.644,231.543,234.592,29.815,58.329,117.7423,54574730000.0
2021-08-01,304.955,233.567,234.351,29.981,58.827,117.8182,54893840000.0
2021-09-01,315.88,239.981,236.167,29.978,59.752,118.1095,54272140000.0
2021-10-01,324.406,240.407,236.761,29.758,59.755,119.9345,56147000000.0
2021-11-01,340.584,241.329,237.086,29.98,59.756,122.4168,59602890000.0
2021-12-01,347.71,243.468,237.669,30.08,59.758,124.7074,58920850000.0
2022-01-01,356.302,245.192,239.967,30.382,59.953,125.773,58507080000.0
2022-02-01,357.549,259.861,239.237,30.356,59.953,128.9521,60145180000.0
2022-03-01,377.648,261.389,241.803,30.527,60.527,129.5542,60468420000.0
2022-04-01,389.471,263.099,247.439,30.717,60.527,127.9384,58690130000.0
2022-05-01,393.377,265.093,247.693,30.858,61.606,128.77,60864460000.0
2022-06-01,407.819,274.339,248.535,31.044,61.238,131.2495,57740320000.0
2022-07-01,414.872,278.18,248.312,30.998,61.238,131.7061,58738130000.0
2022-08-01,416.591,286.466,246.829,30.879,62.331,132.8333,58505110000.0
2022-09-01,416.819,287.291,245.034,31.089,62.331,134.0567,55427740000.0
2022-10-01,406.555,288.057,245.499,31.73,62.331,132.9257,52636520000.0
2022-11-01,408.861,289.627,245.959,31.85,63.906,133.4489,51954040000.0
2022-12-01,410.307,291.176,246.518,31.862,64.528,130.8489,52088890000.0
2023-01-01,410.561,291.764,247.081,31.785,63.608,130.0403,50140720000.0
2023-02-01,411.202,292.058,247.839,31.969,63.608,133.54,54181870000.0
2023-03-01,413.641,292.638,255.927,31.886,63.608,133.5331,53250570000.0
2023-04-01,414.723,294.956,256.388,31.625,62.687,135.8398,49325280000.0
2023-05-01,415.858,295.637,256.817,31.522,62.687,136.0676,52508560000.0
2023-06-01,414.927,297.963,256.355,31.594,61.284,135.4366,53102840000.0
2023-07-01,416.845,301.004,253.632,31.515,60.731,136.6894,50325140000.0
2023-08-01,418.587,302.695,258.396,31.595,60.731,135.6233,52798740000.0
2023-09-01,418.587,303.187,259.316,31.791,60.731,134.4233,53309220000.0
2023-10-01,419.322,305.577,260.341,31.674,60.731,136.4045,55089310000.0
2023-11-01,419.322,309.728,261.338,31.716,61.528,137.8263,55584030000.0
2023-12-01,425.883,310.443,261.567,31.565,61.528,138.9374,55007720000.0
2024-01-01,428.635,311.946,262.472,31.706,61.528,139.4212,58593400000.0
2024-02-01,428.635,313.998,262.492,31.668,61.528,138.2248,56964890000.0
2024-03-01,430.57,316.965,262.992,31.629,61.528,138.3547,54649730000.0
2024-04-01,426.375,317.606,264.501,31.803,61.528,143.8737,56309620000.0
2024-05-01,426.375,320.53,265.276,31.743,60.787,144.2792,58212100000.0
2024-06-01,428.91,326.51,266.238,31.518,60.412,143.4192,56415540000.0
2024-07-01,429.801,328.515,267.548,30.602,60.412,143.4068,57107010000.0
2024-08-01,429.801,327.148,269.089,30.456,60.412,148.7946,58465010000.0
2024-09-01,429.801,326.823,267.019,30.487,59.511,146.4195,57196750000.0
2024-10-01,432.642,326.087,267.842,30.724,59.511,148.7125,57115390000.0
2024-11-01,432.642,326.065,269.257,30.729,60.409,148.1992,57260880000.0
2024-12-01,432.642,329.584,270.686,30.561,60.409,150.2275,57205970000.0
2025-01-01,433.246,329.641,272.755,30.118,60.998,158.0732,53948150000.0
2025-02-01,433.246,329.04,274.964,30.132,60.998,159.6876,56233440000.0
2025-03-01,437.231,331.694,276.779,30.322,61.215,159.2281,56973670000.0
2025-04-01,438.942,345.783,276.953,30.235,61.878,162.2271,57667910000.0
2025-05-01,438.942,353.325,277.801,29.982,62.02,164.3526,57802680000.0
2025-06-01,438.942,357.307,275.662,29.882,61.01,163.1741,58919450000.0
2025-07-01,440.55,363.725,275.88,29.798,62.002,171.5555,59904890000.0
2025-08-01,440.55,363.074,275.13,29.392,62.631,169.197,59857020000.0
2025-09-01,440.55,367.021,279.5,29.45,62.597,165.667,63211650000.0
2025-10-01,458.356,364.494,280.323,29.64,65.005,169.1163,60119950000.0
2025-11-01,455.803,364.347,281.4,29.646,65.162,169.7424,61021530000.0
2025-12-01,455.909,369.205,280.449,29.668,65.162,170.5402,65440510000.0
2026-01-01,455.931,376.63,280.422,29.62,70.918,176.7104,71367420000.0
2026-02-01,455.996,379.565,283.786,30.138,72.266,176.1804,73598900000.0
2026-03-01,455.996,382.22,284.697,30.132,72.266,173.6932,84920500000.0
2026-04-01,454.338,394.279,285.503,30.602,74.574,176.6948,85684590000.0
2026-05-01,456.602,394.814,287.551,30.215,79.255,184.1891,88230960000.0
2026-06-01,456.602,394.815,289.394,29.855,102.39,187.5187,100558300000.0
2026-07-01,474.831,397.292,290.169,29.058,116.548,190.2607,
2026-08-01,475.065,411.453,289.639,28.472,117.232,190.0987,
