month,hs,usd
2013-01-01,850423,66949000
2013-01-01,850760,176951000
2013-01-01,8542,3318003000
2013-01-01,854232,1157681000
2013-02-01,850423,52155000
2013-02-01,850760,151734000
2013-02-01,8542,3215525000
2013-02-01,854232,1269435000
2013-03-01,850423,87374000
2013-03-01,850760,170268000
2013-03-01,8542,3761991000
2013-03-01,854232,1672858000
2013-04-01,850423,64490000
2013-04-01,850760,185235000
2013-04-01,8542,3431680000
2013-04-01,854232,1748201000
2013-05-01,850423,73338000
2013-05-01,850760,192717000
2013-05-01,8542,3958353000
2013-05-01,854232,1850173000
2013-06-01,850423,101839000
2013-06-01,850760,181161000
2013-06-01,8542,3748868000
2013-06-01,854232,2062011000
2013-07-01,850423,72821000
2013-07-01,850760,205571000
2013-07-01,8542,3911117000
2013-07-01,854232,1979566000
2013-08-01,850423,58255000
2013-08-01,850760,176761000
2013-08-01,8542,4107571000
2013-08-01,854232,1947981000
2013-09-01,850423,21650000
2013-09-01,850760,203807000
2013-09-01,8542,4607173000
2013-09-01,854232,2033864000
2013-10-01,850423,62787000
2013-10-01,850760,223442000
2013-10-01,8542,4546739000
2013-10-01,854232,2052050000
2013-11-01,850423,70221000
2013-11-01,850760,203277000
2013-11-01,8542,4205763000
2013-11-01,854232,2016066000
2013-12-01,850423,70997000
2013-12-01,850760,194368000
2013-12-01,8542,4305262000
2013-12-01,854232,2173700000
2014-01-01,850423,36960000
2014-01-01,850760,169350000
2014-01-01,8542,3819829000
2014-01-01,854232,2059902000
2014-02-01,850423,54761000
2014-02-01,850760,183462000
2014-02-01,8542,3626641000
2014-02-01,854232,1944434000
2014-03-01,850423,38031000
2014-03-01,850760,208952000
2014-03-01,8542,4277112000
2014-03-01,854232,2316343000
2014-04-01,850423,76376000
2014-04-01,850760,222229000
2014-04-01,8542,3990770000
2014-04-01,854232,2254907000
2014-05-01,850423,107727000
2014-05-01,850760,209711000
2014-05-01,8542,4050899000
2014-05-01,854232,2380415000
2014-06-01,850423,42722000
2014-06-01,850760,191007000
2014-06-01,8542,4294994000
2014-06-01,854232,2537504000
2014-07-01,850423,64828000
2014-07-01,850760,197550000
2014-07-01,8542,3980781000
2014-07-01,854232,2492725000
2014-08-01,850423,45206000
2014-08-01,850760,172434000
2014-08-01,8542,4326908000
2014-08-01,854232,2647740000
2014-09-01,850423,72004000
2014-09-01,850760,192712000
2014-09-01,8542,4819681000
2014-09-01,854232,2615113000
2014-10-01,850423,47099000
2014-10-01,850760,190306000
2014-10-01,8542,4926236000
2014-10-01,854232,2543589000
2014-11-01,850423,89377000
2014-11-01,850760,165068000
2014-11-01,8542,4743458000
2014-11-01,854232,2586257000
2014-12-01,850423,132802000
2014-12-01,850760,165277000
2014-12-01,8542,4686515000
2014-12-01,854232,2470533000
2015-01-01,850423,28213000
2015-01-01,850760,162136000
2015-01-01,8542,4246419000
2015-01-01,854232,2318607000
2015-02-01,850423,39659000
2015-02-01,850760,142584000
2015-02-01,8542,3817635000
2015-02-01,854232,2167059000
2015-03-01,850423,92677000
2015-03-01,850760,150774000
2015-03-01,8542,4383367000
2015-03-01,854232,2277820000
2015-04-01,850423,103492000
2015-04-01,850760,156641000
2015-04-01,8542,4272165000
2015-04-01,854232,2271382000
2015-05-01,850423,42368000
2015-05-01,850760,158586000
2015-05-01,8542,4266424000
2015-05-01,854232,2205637000
2015-06-01,850423,76701000
2015-06-01,850760,170973000
2015-06-01,8542,4302402000
2015-06-01,854232,2356138000
2015-07-01,850423,86051000
2015-07-01,850760,169947000
2015-07-01,8542,4239047000
2015-07-01,854232,2460127000
2015-08-01,850423,52533000
2015-08-01,850760,178138000
2015-08-01,8542,4575513000
2015-08-01,854232,2647249000
2015-09-01,850423,72721000
2015-09-01,850760,186943000
2015-09-01,8542,4957511000
2015-09-01,854232,2840290000
2015-10-01,850423,79182000
2015-10-01,850760,186213000
2015-10-01,8542,4710802000
2015-10-01,854232,2637244000
2015-11-01,850423,25166000
2015-11-01,850760,175847000
2015-11-01,8542,4387909000
2015-11-01,854232,2412625000
2015-12-01,850423,101133000
2015-12-01,850760,191375000
2015-12-01,8542,4014211000
2015-12-01,854232,2262735000
2016-01-01,850423,34956000
2016-01-01,850760,190045000
2016-01-01,8542,3755801000
2016-01-01,854232,2156461000
2016-02-01,850423,68076000
2016-02-01,850760,162352000
2016-02-01,8542,3451487000
2016-02-01,854232,2025548000
2016-03-01,850423,71180000
2016-03-01,850760,201571000
2016-03-01,8542,4403043000
2016-03-01,854232,2439617000
2016-04-01,850423,77916000
2016-04-01,850760,178578000
2016-04-01,8542,3797745000
2016-04-01,854232,2177613000
2016-05-01,850423,67089000
2016-05-01,850760,169344000
2016-05-01,8542,4004915000
2016-05-01,854232,2466401000
2016-06-01,850423,93820000
2016-06-01,850760,191495000
2016-06-01,8542,4383322000
2016-06-01,854232,2603572000
2016-07-01,850423,34211000
2016-07-01,850760,174612000
2016-07-01,8542,4222263000
2016-07-01,854232,2498539000
2016-08-01,850423,31670000
2016-08-01,850760,189153000
2016-08-01,8542,4780633000
2016-08-01,854232,2880879000
2016-09-01,850423,65593000
2016-09-01,850760,206306000
2016-09-01,8542,4811227000
2016-09-01,854232,2937628000
2016-10-01,850423,70564000
2016-10-01,850760,221440000
2016-10-01,8542,4704878000
2016-10-01,854232,2908816000
2016-11-01,850423,53902000
2016-11-01,850760,204670000
2016-11-01,8542,4962013000
2016-11-01,854232,3194122000
2016-12-01,850423,100481000
2016-12-01,850760,238259000
2016-12-01,8542,5002926000
2016-12-01,854232,3323112000
2017-01-01,850423,31730000
2017-01-01,850760,254494000
2017-01-01,8542,5546707000
2017-01-01,854232,3687691000
2017-02-01,850423,59589000
2017-02-01,850760,268543000
2017-02-01,8542,5636165000
2017-02-01,854232,3828264000
2017-03-01,850423,61314000
2017-03-01,850760,282880000
2017-03-01,8542,6616218000
2017-03-01,854232,4502932000
2017-04-01,850423,56783000
2017-04-01,850760,273736000
2017-04-01,8542,6233253000
2017-04-01,854232,4267231000
2017-05-01,850423,54778000
2017-05-01,850760,315605000
2017-05-01,8542,6564895000
2017-05-01,854232,4383062000
2017-06-01,850423,80421000
2017-06-01,850760,274069000
2017-06-01,8542,7013438000
2017-06-01,854232,4956572000
2017-07-01,850423,30217000
2017-07-01,850760,292831000
2017-07-01,8542,6895110000
2017-07-01,854232,4613696000
2017-08-01,850423,57600000
2017-08-01,850760,328333000
2017-08-01,8542,7590121000
2017-08-01,854232,5321653000
2017-09-01,850423,37858000
2017-09-01,850760,315782000
2017-09-01,8542,8432622000
2017-09-01,854232,5889958000
2017-10-01,850423,27986000
2017-10-01,850760,284646000
2017-10-01,8542,8449567000
2017-10-01,854232,6306582000
2017-11-01,850423,65773000
2017-11-01,850760,305127000
2017-11-01,8542,8527311000
2017-11-01,854232,6257528000
2017-12-01,850423,91962000
2017-12-01,850760,321587000
2017-12-01,8542,8597744000
2017-12-01,854232,6491739000
2018-01-01,850423,25477000
2018-01-01,850760,353559000
2018-01-01,8542,8553522000
2018-01-01,854232,6220289000
2018-02-01,850423,26012000
2018-02-01,850760,303982000
2018-02-01,8542,7974256000
2018-02-01,854232,5967566000
2018-03-01,850423,52728000
2018-03-01,850760,354784000
2018-03-01,8542,9657374000
2018-03-01,854232,7416597000
2018-04-01,850423,27548000
2018-04-01,850760,342160000
2018-04-01,8542,8570246000
2018-04-01,854232,6276034000
2018-05-01,850423,37910000
2018-05-01,850760,357093000
2018-05-01,8542,9434801000
2018-05-01,854232,7291706000
2018-06-01,850423,48132000
2018-06-01,850760,339175000
2018-06-01,8542,9645336000
2018-06-01,854232,7516684000
2018-07-01,850423,12925000
2018-07-01,850760,384465000
2018-07-01,8542,9052742000
2018-07-01,854232,6720334000
2018-08-01,850423,17980000
2018-08-01,850760,393350000
2018-08-01,8542,10097411000
2018-08-01,854232,7704600000
2018-09-01,850423,51373000
2018-09-01,850760,346513000
2018-09-01,8542,10984395000
2018-09-01,854232,8677952000
2018-10-01,850423,14567000
2018-10-01,850760,432405000
2018-10-01,8542,10030449000
2018-10-01,854232,7711391000
2018-11-01,850423,31701000
2018-11-01,850760,421057000
2018-11-01,8542,8786746000
2018-11-01,854232,6600994000
2018-12-01,850423,29650000
2018-12-01,850760,359743000
2018-12-01,8542,6989097000
2018-12-01,854232,4944100000
2019-01-01,850423,29846000
2019-01-01,850760,405084000
2019-01-01,8542,6178164000
2019-01-01,854232,3999220000
2019-02-01,850423,23534000
2019-02-01,850760,340860000
2019-02-01,8542,5695098000
2019-02-01,854232,3811011000
2019-03-01,850423,31591000
2019-03-01,850760,416825000
2019-03-01,8542,7481028000
2019-03-01,854232,5464476000
2019-04-01,850423,21172000
2019-04-01,850760,401006000
2019-04-01,8542,7124799000
2019-04-01,854232,4984560000
2019-05-01,850423,41098000
2019-05-01,850760,389153000
2019-05-01,8542,6238358000
2019-05-01,854232,4380815000
2019-06-01,850423,48788000
2019-06-01,850760,354138000
2019-06-01,8542,7025616000
2019-06-01,854232,5003659000
2019-07-01,850423,23800000
2019-07-01,850760,375877000
2019-07-01,8542,6397857000
2019-07-01,854232,4107756000
2019-08-01,850423,32605000
2019-08-01,850760,416496000
2019-08-01,8542,6793208000
2019-08-01,854232,4434514000
2019-09-01,850423,27356000
2019-09-01,850760,381793000
2019-09-01,8542,7187462000
2019-09-01,854232,4732247000
2019-10-01,850423,38711000
2019-10-01,850760,392436000
2019-10-01,8542,6669670000
2019-10-01,854232,4196111000
2019-11-01,850423,49786000
2019-11-01,850760,354835000
2019-11-01,8542,6207504000
2019-11-01,854232,4048577000
2019-12-01,850423,38041000
2019-12-01,850760,449059000
2019-12-01,8542,6077768000
2019-12-01,854232,3998808000
2020-01-01,850423,10714000
2020-01-01,850760,354552000
2020-01-01,8542,6116206000
2020-01-01,854232,3586633000
2020-02-01,850423,27098000
2020-02-01,850760,355650000
2020-02-01,8542,6265464000
2020-02-01,854232,3864270000
2020-03-01,850423,48223000
2020-03-01,850760,399709000
2020-03-01,8542,7222833000
2020-03-01,854232,4547407000
2020-04-01,850423,39499000
2020-04-01,850760,360082000
2020-04-01,8542,5735664000
2020-04-01,854232,3867027000
2020-05-01,850423,20026000
2020-05-01,850760,377539000
2020-05-01,8542,6634491000
2020-05-01,854232,4676079000
2020-06-01,850423,25801000
2020-06-01,850760,364833000
2020-06-01,8542,6725177000
2020-06-01,854232,4562631000
2020-07-01,850423,29655000
2020-07-01,850760,356583000
2020-07-01,8542,6634878000
2020-07-01,854232,4159849000
2020-08-01,850423,13364000
2020-08-01,850760,426396000
2020-08-01,8542,7032612000
2020-08-01,854232,4301429000
2020-09-01,850423,31056000
2020-09-01,850760,503628000
2020-09-01,8542,7844779000
2020-09-01,854232,4976137000
2020-10-01,850423,23027000
2020-10-01,850760,457583000
2020-10-01,8542,7453430000
2020-10-01,854232,4612888000
2020-11-01,850423,27446000
2020-11-01,850760,455908000
2020-11-01,8542,7363796000
2020-11-01,854232,4362092000
2020-12-01,850423,60261000
2020-12-01,850760,466236000
2020-12-01,8542,7855025000
2020-12-01,854232,4841980000
2021-01-01,850423,19009000
2021-01-01,850760,404045000
2021-01-01,8542,7369203000
2021-01-01,854232,4432809000
2021-02-01,850423,28510000
2021-02-01,850760,394159000
2021-02-01,8542,7197469000
2021-02-01,854232,4475772000
2021-03-01,850423,46751000
2021-03-01,850760,510292000
2021-03-01,8542,8142641000
2021-03-01,854232,5213678000
2021-04-01,850423,27238000
2021-04-01,850760,463298000
2021-04-01,8542,7884261000
2021-04-01,854232,4918902000
2021-05-01,850423,8092000
2021-05-01,850760,487700000
2021-05-01,8542,8663511000
2021-05-01,854232,5616592000
2021-06-01,850423,26555000
2021-06-01,850760,544530000
2021-06-01,8542,9512805000
2021-06-01,854232,6347071000
2021-07-01,850423,25680000
2021-07-01,850760,529436000
2021-07-01,8542,9272408000
2021-07-01,854232,5902215000
2021-08-01,850423,28001000
2021-08-01,850760,474126000
2021-08-01,8542,10034268000
2021-08-01,854232,6444266000
2021-09-01,850423,6879000
2021-09-01,850760,498874000
2021-09-01,8542,10527185000
2021-09-01,854232,6746950000
2021-10-01,850423,10348000
2021-10-01,850760,456481000
2021-10-01,8542,9618445000
2021-10-01,854232,5858840000
2021-11-01,850423,24961000
2021-11-01,850760,489350000
2021-11-01,8542,10328898000
2021-11-01,854232,6391586000
2021-12-01,850423,32188000
2021-12-01,850760,507168000
2021-12-01,8542,10745587000
2021-12-01,854232,6828535000
2022-01-01,850423,17311000
2022-01-01,850760,473848000
2022-01-01,8542,9440305000
2022-01-01,854232,5540303000
2022-02-01,850423,26319000
2022-02-01,850760,467712000
2022-02-01,8542,8957655000
2022-02-01,854232,5312903000
2022-03-01,850423,13535000
2022-03-01,850760,595185000
2022-03-01,8542,11267855000
2022-03-01,854232,6778292000
2022-04-01,850423,28161000
2022-04-01,850760,559197000
2022-04-01,8542,9369479000
2022-04-01,854232,5328852000
2022-05-01,850423,26838000
2022-05-01,850760,605291000
2022-05-01,8542,9904711000
2022-05-01,854232,6038450000
2022-06-01,850423,34111000
2022-06-01,850760,591237000
2022-06-01,8542,10612180000
2022-06-01,854232,6402474000
2022-07-01,850423,38634000
2022-07-01,850760,660041000
2022-07-01,8542,9987956000
2022-07-01,854232,5270134000
2022-08-01,850423,28802000
2022-08-01,850760,744502000
2022-08-01,8542,9664679000
2022-08-01,854232,4967317000
2022-09-01,850423,50321000
2022-09-01,850760,740237000
2022-09-01,8542,9874238000
2022-09-01,854232,5337767000
2022-10-01,850423,18228000
2022-10-01,850760,607858000
2022-10-01,8542,8377036000
2022-10-01,854232,3963443000
2022-11-01,850423,62800000
2022-11-01,850760,533733000
2022-11-01,8542,7686486000
2022-11-01,854232,3430391000
2022-12-01,850423,39014000
2022-12-01,850760,762162000
2022-12-01,8542,7704581000
2022-12-01,854232,3407362000
2023-01-01,850423,51592000
2023-01-01,850760,612171000
2023-01-01,8542,5424534000
2023-01-01,854232,2490438000
2023-02-01,850423,52773000
2023-02-01,850760,659718000
2023-02-01,8542,5329421000
2023-02-01,854232,2611223000
2023-03-01,850423,47165000
2023-03-01,850760,654371000
2023-03-01,8542,7405308000
2023-03-01,854232,3742664000
2023-04-01,850423,50340000
2023-04-01,850760,568821000
2023-04-01,8542,5762709000
2023-04-01,854232,2620417000
2023-05-01,850423,65144000
2023-05-01,850760,586085000
2023-05-01,8542,6687921000
2023-05-01,854232,3024481000
2023-06-01,850423,43072000
2023-06-01,850760,719295000
2023-06-01,8542,7832258000
2023-06-01,854232,4033804000
2023-07-01,850423,63635000
2023-07-01,850760,520164000
2023-07-01,8542,6543938000
2023-07-01,854232,3052040000
2023-08-01,850423,24241000
2023-08-01,850760,531940000
2023-08-01,8542,7712699000
2023-08-01,854232,3727058000
2023-09-01,850423,81769000
2023-09-01,850760,550410000
2023-09-01,8542,8438819000
2023-09-01,854232,4265430000
2023-10-01,850423,49588000
2023-10-01,850760,454231000
2023-10-01,8542,7829558000
2023-10-01,854232,3750565000
2023-11-01,850423,51822000
2023-11-01,850760,668756000
2023-11-01,8542,8163008000
2023-11-01,854232,4260884000
2023-12-01,850423,102271000
2023-12-01,850760,748438000
2023-12-01,8542,9004382000
2023-12-01,854232,5314815000
2024-01-01,850423,68413000
2024-01-01,850760,375555000
2024-01-01,8542,8203889000
2024-01-01,854232,4537021000
2024-02-01,850423,87737000
2024-02-01,850760,439544000
2024-02-01,8542,8619441000
2024-02-01,854232,5176640000
2024-03-01,850423,117572000
2024-03-01,850760,439856000
2024-03-01,8542,9582279000
2024-03-01,854232,5765593000
2024-04-01,850423,60001000
2024-04-01,850760,376261000
2024-04-01,8542,8623165000
2024-04-01,854232,4896711000
2024-05-01,850423,61338000
2024-05-01,850760,418112000
2024-05-01,8542,9814341000
2024-05-01,854232,5714466000
2024-06-01,850423,81101000
2024-06-01,850760,528688000
2024-06-01,8542,11217510000
2024-06-01,854232,7055050000
2024-07-01,850423,39069000
2024-07-01,850760,490938000
2024-07-01,8542,9734764000
2024-07-01,854232,5804492000
2024-08-01,850423,54659000
2024-08-01,850760,491429000
2024-08-01,8542,10133553000
2024-08-01,854232,6034934000
2024-09-01,850423,102481000
2024-09-01,850760,471038000
2024-09-01,8542,11327045000
2024-09-01,854232,6926349000
2024-10-01,850423,105132000
2024-10-01,850760,401780000
2024-10-01,8542,10837727000
2024-10-01,854232,6220656000
2024-11-01,850423,49102000
2024-11-01,850760,410027000
2024-11-01,8542,10423528000
2024-11-01,854232,6443622000
2024-12-01,850423,119649000
2024-12-01,850760,574203000
2024-12-01,8542,11672044000
2024-12-01,854232,7444170000
2025-01-01,850423,85380000
2025-01-01,850760,296029000
2025-01-01,8542,8268990000
2025-01-01,854232,4765687000
2025-02-01,850423,121877000
2025-02-01,850760,367376000
2025-02-01,8542,8112392000
2025-02-01,854232,4725937000
2025-03-01,850423,74207000
2025-03-01,850760,369584000
2025-03-01,8542,10455178000
2025-03-01,854232,6694284000
2025-04-01,850423,98489000
2025-04-01,850760,398531000
2025-04-01,8542,9775948000
2025-04-01,854232,5761054000
2025-05-01,850423,102328000
2025-05-01,850760,283757000
2025-05-01,8542,11574557000
2025-05-01,854232,7337464000
2025-06-01,850423,175206000
2025-06-01,850760,353384000
2025-06-01,8542,12255310000
2025-06-01,854232,8230251000
2025-07-01,850423,89871000
2025-07-01,850760,337748000
2025-07-01,8542,12288714000
2025-07-01,854232,7560781000
2025-08-01,850423,102705000
2025-08-01,850760,290263000
2025-08-01,8542,12615815000
2025-08-01,854232,8504645000
2025-09-01,850423,108871000
2025-09-01,850760,369050000
2025-09-01,8542,13623717000
2025-09-01,854232,9345975000
2025-10-01,850423,79520000
2025-10-01,850760,332392000
2025-10-01,8542,13175852000
2025-10-01,854232,8886616000
2025-11-01,850423,128475000
2025-11-01,850760,434966000
2025-11-01,8542,13954468000
2025-11-01,854232,10163661000
2025-12-01,850423,130622000
2025-12-01,850760,453255000
2025-12-01,8542,16726110000
2025-12-01,854232,12636910000
2026-01-01,850423,122902000
2026-01-01,850760,297512000
2026-01-01,8542,16403459000
2026-01-01,854232,12111963000
2026-02-01,850423,110692000
2026-02-01,850760,365989000
2026-02-01,8542,19449479000
2026-02-01,854232,15810750000
2026-03-01,850423,132107000
2026-03-01,850760,544087000
2026-03-01,8542,24904817000
2026-03-01,854232,20759011000
2026-04-01,850423,139380000
2026-04-01,850760,363753000
2026-04-01,8542,25237330000
2026-04-01,854232,20829752000
2026-05-01,850423,127611000
2026-05-01,850760,432376000
2026-05-01,8542,29433799000
2026-05-01,854232,24952045000
2026-06-01,850423,69046000
2026-06-01,850760,382681000
2026-06-01,8542,33564192000
2026-06-01,854232,29039861000
2026-07-01,850423,120852000
2026-07-01,850760,364079000
2026-07-01,8542,32724293000
2026-07-01,854232,28007195000
2026-08-01,850423,176336000
2026-08-01,850760,304112000
2026-08-01,8542,38235698000
2026-08-01,854232,33107224000
