code,g,z
1101,0.1334063070313265,-0.07672078070623481
1102,-0.03682321790277465,-0.2731176984148868
1103,-0.04630977272110137,-0.2510899968225606
1104,-0.06424009559152244,-0.7486473869117926
1108,-0.1859792526357582,-1.072150737919517
1109,-0.2218488232149417,-0.7666923698169854
1110,-0.007774195585637078,-0.1809207139253077
1201,0.04602783695686763,-0.05011815537567208
1203,-0.016996443020890983,-0.26762061077725535
1210,0.1563347500605219,-0.018399493563922214
1213,0.20243551776256763,0.4639564490584871
1215,0.05986176202916771,0.010343528937677154
1216,0.05713759562898746,-0.21198204949124325
1217,0.06437934949540369,0.4928220234303025
1218,-0.3363383979968355,-3.0779544475818814
1219,-0.11415458557040781,-1.2576016923059592
1220,0.12603363048349214,0.6185439408313224
1225,-0.10396909494533768,-0.9712131953843454
1227,0.059256149929926005,-0.1720375151266752
1229,-0.029255531963706005,-0.5691617668844894
1231,0.05735845301263365,-0.21002817841896612
1232,0.31242484015317307,1.5957221373457449
1233,0.10763123245868256,1.103861489320626
1234,-0.005759368962370726,-0.4425281779400954
1235,-0.4609885897262437,-0.7688773370484069
1236,0.12151224438273167,0.8046310180157318
1240,0.1542687245091332,0.3735350179163646
1259,0.06033183478160309,0.4491523716086885
1264,0.09281592855178111,0.25244756881873287
1268,0.21104010909516102,0.19480012740575875
1294,0.040094207081879496,-0.7905251673123274
1295,0.16584580746161026,0.2021006074422856
1301,0.028534395121909473,-0.020907407040082177
1303,0.4107711491336534,1.2891762742075799
1304,-0.08414206341145036,-0.31820661549802487
1305,-0.2860167749120035,-1.203667866174334
1307,0.10978123577722654,0.2683805293931201
1308,0.13548845596660275,0.3367335442425226
1309,-0.20066539683561468,-0.7728404094211021
1310,-0.08488647788333681,-0.3299954740873775
1312,0.2589119904934143,0.5209124115771724
1313,0.024835000085407177,-0.2380444866223344
1314,-0.3029450984734141,-0.7526767872402402
1315,-0.03463548520509829,-0.14833796418863152
1316,0.9891556462170568,0.269799101356735
1319,0.10782775348177331,0.22593604102247533
1321,0.007995879339311562,0.0482954293517491
1323,0.2348572019736468,0.8015479687247332
1324,-0.18372533146046333,-1.3742086907685125
1325,-0.14528279325600857,-0.25952978645590113
1326,0.2551533652869973,0.7395369674524669
1336,0.470770153566338,1.0675607726345429
1339,0.04473174618318154,0.013407750534220546
1342,0.5899298580476378,2.18510421275187
1402,0.15869565960806886,-0.022624577003060496
1409,0.17974910508882913,0.5376714128163006
1410,0.08698603144020667,0.3206515688959147
1413,0.08246407333994044,0.14277240407382205
1414,-0.09039388727549558,-0.11711008604360561
1416,0.620506507210693,-0.012035323011057216
1417,-0.19341429533591514,-0.5607123271635563
1418,38.32692307692308,14.926332692286527
1419,0.16481140334288713,0.25691946187515435
1423,0.5198701097881553,1.9915951290251492
1432,-0.3850679702520904,-0.10880321594442605
1434,-0.03384122862250227,-0.3069281990353762
1435,0.0006684491978610207,0.0047929751312620434
1436,-0.8752185147736209,-0.20714132022600984
1437,0.014087316097035618,0.0010432863526624017
1438,456.0276073619632,-0.14885009394353071
1439,-0.7687879876427904,-0.49912759269293194
1440,-0.00014423078338210438,-0.08364145456967419
1441,-0.2771583226692076,-1.1794555467025107
1442,0.3066154367873992,-0.09153231602605923
1443,-0.0336431092860745,-0.26801496472866837
1444,0.007200896244088595,-0.10365278083051223
1445,-0.1009318761122765,-0.31353799372026814
1446,-0.49334951655662374,-0.24593339005739034
1447,0.03903301688471594,-0.13406729541084741
1449,0.6245319553212587,1.9872506561216334
1451,0.2040535631030429,0.9862289266890931
1452,-0.08105697204565321,-0.3281334108373315
1453,-0.03966005665722383,-0.24084150517390945
1454,-0.2546916470692523,-1.2098603430303105
1455,-0.046973340226862614,-0.2178744525903535
1456,7.0203818134622455,5.017917766769129
1457,0.011469262148429138,-0.046573310626342665
1459,-0.06327582343714988,-0.21234678904928134
1460,0.08009067208366316,0.2618915473077468
1463,-0.04717523022475867,-0.1897910150040102
1464,0.02652350003330528,-0.37962353354144185
1465,-0.10675903987843527,-0.30320607376297576
1466,-0.10051340559041644,-0.4013828396573091
1467,0.01419250881552192,-0.15663814353326455
1468,-0.35690000335521677,-1.1718022448594256
1470,-0.08222913178665392,-0.4220109343724845
1471,-0.47231826614943495,-1.0465576570060238
1472,0.12391634851086009,-0.0989531294090884
1473,0.05303041119156515,0.06218777546553462
1474,-0.047221810595560854,-0.3024675517225587
1475,0.14385790540398946,-0.1777051472512929
1476,0.11820966671397293,0.00883355672913954
1477,0.004459705431943739,-0.4870681977150406
1503,0.0012217401783831683,-0.39320635251890457
1504,0.09878826677986319,0.1388455427497639
1506,0.3104934399953052,1.4498719925494374
1512,-0.1548091712272418,-0.452326075867511
1513,0.07069127021501553,0.014041670619316531
1514,0.040260066844255205,-0.20715244278177938
1515,0.005147716928889379,-0.2456572219519709
1516,0.31564974596054385,-0.12601314308820383
1517,0.2152276541000111,0.5662280187664002
1519,-0.09150602317400403,-0.6701256245835432
1521,-0.01295839339929361,-0.15625645734795343
1522,0.1743744833322889,0.3379957155929602
1524,0.06934342197430676,0.47594776713549136
1525,0.06403544594524058,0.18726917441260543
1526,-0.22441110853223567,-1.0824719660913718
1527,-0.010220089075560268,-0.09478469469429378
1528,0.3664020960375989,1.084351343219174
1529,-0.30442825022723285,-0.4634070237206846
1530,-0.09442161603159671,-0.3718831334401458
1531,0.1781731505916404,0.30046223455601007
1532,-0.15581837590587677,-0.5361585667290625
1533,0.26129878769243864,0.5494679545096807
1535,-0.32933329668391764,-1.4900218352738146
1536,0.09274976515170463,0.031000356293329537
1537,0.10565149418900655,-0.056784446128182085
1538,-0.47612003982363815,-1.1789162491967167
1539,-0.06283995144384524,-0.31763206094580215
1540,-0.4877988381120659,-1.1597257611038443
1541,-0.4200146148974522,-1.5362176054516616
1558,0.1721527772464324,0.29303045296201946
1560,0.24355260170841442,0.7096232073303309
1563,0.12390847667370752,0.22457303808378548
1565,-0.13234620376596207,-1.0932286208016468
1568,0.1426506546536419,0.7102968836126063
1569,-0.15491691318426115,-0.21465285100742126
1570,-0.2467113684852179,-0.6442363553101492
1580,-0.013181588876136519,-0.3412833439882407
1582,0.04979867201647559,-0.2049998879322048
1583,-0.0013171306180355113,-0.24826576125018393
1584,-0.009187841038803324,-0.31070066430149346
1586,0.1767282852727643,0.4776363671260397
1587,-0.045902807317634076,-0.708748583637777
1593,0.13170569140601218,0.14491702107625998
1595,0.8477006665546407,1.9789824692819051
1597,0.4608468476991314,1.2990633731983303
1598,0.14937120312971697,0.045804496815696503
1599,0.7560677365107094,1.7953386090632237
1603,0.08148879571652823,0.04867082449768904
1604,0.07117434622001628,0.5841701564105727
1605,0.17887919676339092,0.17640012095128596
1608,0.24043043232545647,0.7188835147954193
1609,0.22868446644465568,0.44857913768394414
1611,-0.045602985770935356,-0.0961835094298983
1612,0.034994327392551705,0.014223167356240641
1614,0.008868327339604187,0.13677952353449588
1615,0.20348665500923402,0.45776378457285166
1616,0.0922837916564645,0.19517781332221398
1617,0.4213366048003109,1.1983636952761731
1618,0.17853406506438518,0.21791510339222983
1702,0.042305061628178375,-0.23754651659618545
1707,-0.11113383746193173,-1.1376714251206312
1708,0.20458427248749111,0.37192189872128334
1709,0.7884115112053092,3.7079367703505905
1710,0.11912728090134483,0.13195515321949247
1711,0.24623930841573904,1.0832824614753587
1712,0.06888725158893938,0.026072865075634805
1713,-0.07511267368578534,-0.3442188722484221
1714,0.6871516705978526,-0.05524501820425282
1717,0.20346224135934676,0.41827444507394046
1718,0.060037887581751326,-0.1372053170557116
1720,0.07750289638852337,-0.033804759124421914
1721,-0.046816001632819626,-0.32372155494666
1722,-0.0435961521653937,-0.29633137702719853
1723,0.41280262031573556,1.0481634455518747
1725,0.0814713856677085,0.25720184368189625
1726,0.021780444652010456,-0.06853674150577856
1727,0.36808268027099134,1.1068810103377256
1730,0.08666705832751598,0.07203859778133652
1731,0.11150953155813226,0.6665044498479032
1732,-0.01151050196822112,-0.32330487862300683
1733,0.1543420468545036,0.5795895249239426
1734,0.06983301838930034,0.07953068499607598
1735,0.1806470668423683,0.2996501778972461
1736,0.23295885552090123,0.002209708633800546
1737,-0.03114513221730042,-0.3504035963565752
1742,-0.18040610508306698,-0.3141838598223675
1752,-0.05284541979631663,-0.8884876141549366
1760,-0.08837200598802397,-0.857364328571476
1762,-0.1306572229313503,-0.48912388376754945
1773,0.32565795512463835,1.312074083498324
1776,0.03811134639373881,0.6465711270063361
1777,0.11234173818919979,0.06665925332358781
1780,0.06776626967763844,0.03754898908134827
1781,-0.07487686890514789,-0.25103058578554766
1783,0.01761496783090366,-0.5561588790770629
1784,0.08985159981469937,0.07883382764532987
1785,0.47612135058742777,0.3482861449969682
1786,-0.08007290970184533,-0.77928233639433
1788,0.05104528909266759,-0.10921522881285184
1789,-0.2112964767513439,-1.1622199536928473
1795,0.7380624791777004,0.16063134805326548
1796,0.14562748725514107,0.19893222666324673
1799,0.7531602778176156,0.19546936324148553
1802,0.2937268041909935,0.4578570897289031
1805,-0.0029069767441860517,-0.08011948399226676
1806,-0.20058699158825577,-0.825612866702908
1808,137.07575713915224,3.4315832703596265
1809,-0.03511372244586208,-0.2822511887189912
1810,-0.04490041916691956,-0.36336756860298774
1813,-0.05661672034729026,-0.3545948423256843
1815,0.6502620791613467,1.5532996510731718
1817,0.06507226922984732,-0.12716563006677742
1903,-0.004488086171254513,-0.12455917987197648
1904,0.1391202933572806,0.5197705959705844
1905,0.008901598111126008,-0.23988119824620865
1906,0.308779654911969,-0.10627717693768998
1907,0.0861390558681745,-0.07627446232991679
1909,0.2866253648098891,0.15229564061189846
2002,0.14719266094116268,0.32857557732901344
2006,0.1255329736373092,0.2230767955942897
2007,-0.1321038968128565,-0.4268257288620359
2008,0.029302051100024595,0.10671516650503954
2009,0.22303428631321953,0.5259758243029413
2010,-0.025276945555809727,-0.3321595729809501
2012,-0.09257264385394759,-0.5368013999730759
2013,0.006013675328028212,-0.2545080408689568
2014,0.09356760656670282,0.2995774239998061
2015,0.008588801280870584,-0.12462030870088703
2017,-0.07638718079593265,-0.295275716776531
2020,-0.41597893668487007,-1.7652398710173363
2022,0.09994736724175546,-0.21565536154302986
2023,-0.02064348059691179,-0.28958635032118885
2024,0.16739082496876057,0.39215518388788945
2025,1.0895954345238699,0.610718696783938
2027,0.45330489008189456,0.24192259678104172
2028,0.14843373786394376,0.1491065796914018
2029,0.030584129164871854,0.07231374673916287
2030,0.44271404310116824,0.9760306117444696
2031,0.20790134560870732,0.3420499285461247
2032,0.02218640300143826,0.004056344480629465
2033,-0.14192216314062678,-0.5797222776520536
2034,0.299935365525849,0.47952785799416103
2035,-0.03648979448826739,-0.19531816471788824
2038,-0.12795369285176905,-0.4234422046187299
2049,0.3589290299558008,0.3435438788146679
2059,3.0766583843386313,6.803828644765486
2061,0.38225006682956764,1.57311329908143
2062,0.1994780844145163,0.7631607820659274
2063,-0.10757192826381445,-0.6651072281067381
2064,0.08089542610842027,0.2850080335129279
2065,0.2817159927319761,0.9796788575435045
2066,0.1527703442859929,0.17453261918522472
2067,-0.057759482035090515,-0.37027240376572085
2069,0.08603346598264361,0.06852521004769635
2070,0.41547774195761034,1.368408366180308
2072,0.9764378564733718,0.15300646415423505
2073,2.0113368185212845,4.661841483744084
2101,1.5271361744756913,2.4343357094239413
2102,0.037115209767502266,0.1671919780561117
2103,0.31466229946220525,0.733118954940415
2104,-0.04462194036165246,-0.34493048220571193
2105,0.10559746796517233,-0.12949650709533347
2106,0.15666233046834077,-0.08384372309886733
2107,0.4792500492093694,0.8338386947452379
2108,0.35305832701246675,0.6229311718985441
2109,0.08345636728820671,0.01634631802695263
2114,0.08710732410249977,0.336913491525588
2201,-0.04750682420777175,-0.30923210100791565
2204,0.06041912677987282,0.2622764801883338
2206,-0.06884192860922811,-0.7193356625554428
2207,0.2526722114656592,0.5696865606523216
2208,0.307236572286655,0.8385525192738811
2211,0.3147154673455088,0.5717265855355735
2221,0.5179359771854122,1.0436318006286889
2227,-0.009079014493649784,0.03392965826079508
2228,0.0033553040363552,-0.4059952501148783
2230,-0.4366028290593552,-1.2446333717860312
2231,-0.19081291152174784,-1.293849373987136
2233,0.08909440937378088,-0.18307077757011292
2235,-0.22689570289506078,-1.1616238937296302
2237,0.5348660022785183,-0.2936446580391536
2241,0.6648898208206755,1.2822326705779132
2247,-0.028736870074463683,-0.5032306186232338
2254,-0.9030711747015402,-1.0438837665539662
2301,0.32900087646040177,0.6274376244466766
2302,0.7175713900862069,1.6735792559428087
2303,0.24112384180496904,0.7605948022094823
2305,1.91045151122354,2.2300131302529915
2308,0.4561836776792274,0.27342563466887226
2312,0.3464577136441629,0.31567577135901304
2313,0.14275975770210692,0.2200559359083596
2314,-0.2016504092260858,-0.696794643656585
2316,0.5579537743723391,2.2528592527529883
2317,0.5279000135255687,1.9782225693562634
2321,0.036518495555883046,0.5803569876705436
2323,0.18617780488167668,1.485425376567901
2324,0.3725108249342113,1.014540557239281
2327,0.4731657132077176,0.5043557725230874
2328,0.11358077015680701,0.11000183562566179
2329,0.03391374840302763,-0.08462996250266999
2330,0.5445417562665418,1.5405055169214745
2331,-0.029241785211585603,-0.17903253231389057
2332,0.09693804970092401,-0.1349205548672187
2337,2.038669837258034,5.998924374486451
2338,-0.017446123988094864,-0.2731343628074528
2340,0.13558121657894406,0.616445034476975
2342,0.0651618751108396,0.21268217485735788
2344,2.5636498405658763,5.780690453714756
2345,0.6386120494889505,1.3626819850275431
2347,1.2874687668565001,1.2610042749676287
2348,4.915539785327774,0.4602687316303905
2349,-0.10012695832870533,-0.37059868643634597
2351,0.556576992358474,1.484004713149428
2352,0.04888622387648911,-0.00818820129320804
2353,0.17019796146523403,0.6309024217365905
2354,0.35705557796984766,0.16779610999029984
2355,0.11207681620105481,0.36127562551661624
2356,0.5403447562778343,2.0303358764148944
2357,0.5344735931533449,0.7843618610098624
2359,0.18812166088668114,0.5717391020475809
2360,1.3178099923644435,2.4442353236490653
2362,0.10503315252896805,0.060440154070209806
2363,0.7624103175573764,0.11630814608012524
2364,0.4725939588103125,1.7645588483900476
2365,0.12164945387492287,0.9789270402185476
2367,0.14592856389680575,0.2699609311558222
2368,0.7726065018513468,2.537568579708218
2369,0.3451627632521741,1.5150653841076895
2371,-0.030497465036481874,-0.18045513311672706
2373,0.014825196782231265,-0.1386743091121691
2374,0.3739804820646,0.889798613755726
2375,0.3133244715435408,-0.15519694969726655
2376,0.7462441715034158,1.539928069304046
2377,-0.051081810784565196,-0.6926984125874945
2379,0.2696881316122237,0.6200728409931086
2380,-0.09337476798388356,-0.3317321186845162
2382,1.3460935207840174,4.1611211333050475
2383,1.2677708997428652,1.917004750644906
2385,-0.13685511448530263,-0.5401159333619511
2387,-0.20596625445276984,-0.40367050925972586
2388,0.47350600529358644,1.0613473514619476
2390,0.13429143447378822,0.5842340519118576
2392,-0.15331959308979048,-0.8551106266945635
2393,0.140585571634388,0.3016199169120801
2395,0.8279984874770119,3.6009486925880796
2397,0.4294375358398459,0.9821025652280866
2399,0.11587720668962564,0.5758296908633844
2401,0.37824685335179464,0.7359893571210246
2402,0.20683806778623537,0.17122814589559027
2404,0.5800645347664088,0.3084428092447949
2405,0.1502426913170969,-0.09555781393010433
2406,0.7161951694611635,0.7466980450914599
2408,6.285629315577772,4.960028286305036
2409,0.015441753630865085,-0.13334603578407195
2412,0.1343440263941571,2.2630429948950606
2413,0.17184403143113824,0.5972500218982603
2414,0.6440874744950769,4.584723460154991
2415,0.05309406352461288,-0.09255092575499196
2417,0.027749704956507637,-0.16395632381981748
2419,0.6255770332046706,1.51669875632612
2420,0.20169784452186734,1.252185152935685
2421,0.25507140090250124,0.965813252155432
2423,0.24134254253490894,1.1561640063069398
2424,0.4554229710123472,-0.14441724058803695
2425,1.8666154694463604,0.21181530975790358
2426,0.30936507141240566,0.8319542767106443
2427,0.18523974388596698,0.261942117304362
2428,0.4868260019485078,1.8380113967337108
2429,-0.23450142113818184,-0.6716734718898201
2430,-0.0013069845833562077,0.20488638821101202
2431,-0.5389993592841968,-0.986391041167873
2432,0.6838980340050689,1.0100150869146993
2433,0.02202550788334179,-0.16239825583992765
2434,0.5415373036033493,2.318768571080249
2436,0.3071798900576621,0.5603503559356254
2438,1.112276829972672,-0.018149678312252598
2439,-0.0261245322464827,-0.5806422633046389
2440,0.49302353509248165,1.5446866427719788
2441,0.3895537322863498,1.304936911331551
2442,1.4220587649005303,0.07157293656855039
2444,0.0017701804100034302,0.1653594538709869
2449,0.3234800705450602,0.9166958771296032
2450,0.19118968027335836,0.8430488144962673
2451,3.1769667155992636,4.100543236152144
2453,0.07023553587999665,-0.10295675705190298
2454,0.18356130676671767,0.022575316798958304
2455,0.4689455551552151,0.8051631506874068
2457,-0.11610027410185364,-0.7008882404813657
2458,-0.1554875866537806,-0.8929867864019726
2459,0.18202980880263198,0.5905350949872601
2460,0.6857925191836951,0.7197687608989414
2461,-0.005029550814400929,-0.23886444140608254
2462,-0.004876707733025176,-0.3803037914352544
2464,0.5927498431006493,1.9105179843835263
2465,3.752431560892961,7.426545638052992
2466,0.2408527728721026,0.4802484520229441
2467,0.9503324541804559,1.8557504897224004
2468,0.069506451474179,0.16448078856617854
2471,0.045657096643752615,-0.010066588536671254
2472,0.4089637114552309,1.5402437616020865
2474,-0.43653797012544815,-0.5344036142558742
2476,0.4945539313865437,0.48515286940418434
2477,0.13715962836352857,0.33539684581337337
2478,0.42232963356365905,0.8539714768731013
2480,0.18685125448528317,0.9964997476135734
2481,0.2939128869933625,0.47503384232115337
2482,-0.055636592446408395,-0.20277138924698543
2483,0.35362205868447694,1.3725894231487652
2484,0.09527201437673583,0.22076682506615602
2485,0.7952385657699148,1.5982875540803834
2486,0.4113593905890498,0.8744838147862334
2488,0.4784076616706845,1.07988223576919
2489,0.263432425159857,0.2290356688053752
2491,0.08287783228217704,0.07335526727488689
2492,0.3776370694188296,0.5113651144031885
2493,0.290862410691735,0.7547947796081156
2495,0.681839576089762,3.9539436066663294
2496,-0.04032203807943302,-0.3495790390822363
2497,0.2666470496311,0.2406294372168005
2498,-0.02257943619551217,0.06952758136960009
2501,-0.16950837268879304,-0.35732050552148015
2504,-0.10454046398522332,-0.37844766575823535
2505,-0.34697061869050483,-0.24422301225789483
2506,-0.03765792102264576,-0.31163806119808646
2509,19.12751655738245,0.28888085205079095
2511,0.4416890952917325,0.5803564784099577
2514,-0.19032415610628506,-0.2524146531213926
2515,-0.016407018481001123,-0.30620647250356997
2516,-0.11999373730451623,-0.618370345874394
2520,0.06709685792351827,-0.2850832410821069
2524,0.4484474539340817,0.23774689129988044
2527,1.16252098510635,-0.276453254038048
2528,-0.45071595663592423,-0.19787374262690602
2530,-0.9990642634689892,-0.30315665930107655
2534,-0.412643780783596,-0.17081015488025952
2535,0.27849752387296767,0.5382770643177186
2536,-0.9315893756307361,-0.31139587630598786
2537,0.28720426748978745,-0.20445687586289846
2538,0.21867459346039508,-0.15050900533973108
2539,0.19406180769563974,-0.19449193247336385
2540,-0.024334616184759073,-0.17645819192490103
2542,0.3158542699063285,-0.24206174667308375
2543,0.8225714382572589,2.2852670805675723
2545,-0.10778847651195922,-0.33412189418108595
2546,0.06770934054517452,-0.25712018015899846
2547,1.2216501680757736,-0.12996798393249967
2548,-0.6993460349789855,-0.1911258127454043
2596,8.382183117954359,-0.14929300711344576
2597,0.1405620241341743,-0.07957774746008693
2601,-0.5491096274442056,-0.26814892519655936
2603,0.4089519277335347,-0.007501945659307468
2605,0.484820080510721,-0.14137259102648098
2606,0.2624733952741576,0.05127646861070787
2607,0.38237465913914104,0.7781047210865217
2608,0.32934978580557783,3.2093122393977804
2609,0.3689087952671113,0.6803936356458979
2610,0.270979637157746,1.236111551359829
2611,0.1925501004809398,-0.08156980452931792
2612,0.19066026987794937,0.31817335049176015
2613,0.046501316556405436,-0.061713587712704215
2614,-0.001805231145688757,-0.15307224358267577
2615,0.4911841874124052,0.7110184896475723
2616,0.15748639924063235,0.6857090185550785
2617,0.3088787107455919,1.306320687061968
2618,0.2430602311922596,0.7091445368009991
2630,-0.28438536724905916,-1.4492857106778374
2633,0.01724904062793642,-0.1857018052390528
2634,0.13463292883418188,0.449419581079577
2636,0.5495105808609346,-0.014078575732585752
2640,0.165647827479787,0.16112725722075344
2641,-0.1661023293060827,-0.5658704623263058
2642,-0.1917773909299596,-2.3261606645469444
2643,0.02170391214455414,-0.41594762424073795
2645,0.18955008236102633,0.3525390723506427
2646,0.4378026976738141,-0.31005098664609365
2701,-0.04978811926958937,-0.4024329165162
2702,0.1745498602156348,-0.04409185804817156
2704,0.11037075455803791,0.7223382389324183
2705,0.06398006423583835,0.06329399865184245
2706,0.01837477031537116,-0.046060519585900024
2707,0.09234714829292634,0.18458927660880123
2712,0.06330581857765671,-0.10508616917106602
2718,-0.9555543908947778,-0.22114856002663122
2719,-0.30401961717353143,-0.3975359578897855
2722,0.026449205013699295,-0.04710074908464142
2727,0.1410762429440353,0.2322690762304537
2729,0.043806394224016776,-0.5058088358916013
2731,0.06490093319390366,-0.2615108217965879
2732,0.19080320047234323,0.2343104448887839
2734,0.40238345839133527,-0.01121332394711534
2736,0.24437503671647054,0.4032663180790807
2739,0.10475919965209934,0.07026862254502543
2740,-0.615749358996874,-1.1061298377097601
2743,-0.05839594491723288,-0.35834744696779564
2745,0.13877951234679586,-0.3035116278462044
2748,0.006911939087561603,-0.3032271775798301
2751,0.09668973695178718,-0.17190113766774534
2752,0.08836483343485346,-0.46388636969489494
2753,0.10157834406137023,-0.02148070644167374
2754,0.05301360568280855,-0.3460819339040345
2755,0.1789638549576671,0.29995799816040386
2756,-0.05265046514340055,-0.592354026493037
2801,0.12155188622576296,0.4669608751922235
2812,0.062425668089842956,0.05568137713882804
2816,0.3205767371780053,1.2839553267381616
2820,0.11445734371846616,-0.051248508916253495
2832,0.43474173735803356,1.4679611447065966
2834,0.05594873560486735,0.10413419032338189
2836,0.14630335594864863,0.22653642983084077
2838,-0.06356426812548466,-0.46128080923022574
2845,0.10039481238454173,0.36490228186495033
2849,0.20707820328472892,0.07409654831903688
2850,0.3269026496209346,1.696780635918101
2851,-0.309376143786702,-2.5851132738765026
2852,0.329672017899306,1.83672336523174
2855,1.025345126392752,0.7704459017580731
2880,0.12077404297915395,-0.14314178192357033
2881,-0.38843522403259534,-0.21214868009495705
2882,0.06530441407261889,-0.19779867090749656
2883,2.4661155962221497,0.7343472179527342
2884,0.16104281761561556,-0.024668802963265294
2885,0.7552018944515602,0.3138391344926606
2886,0.04297153743084947,-0.14063583386621326
2887,0.6256266560557631,0.2898734632846447
2889,0.5402718851667359,0.22307126909555366
2890,0.5056335322412484,-0.018232829682534046
2891,-0.003083073326335617,-0.08790196069343477
2892,0.04713024710999014,-0.1650669000081965
2897,0.12995829693286343,0.2764103132344404
2901,0.028389741116904288,0.22105474377261733
2903,-0.015524708875741755,-0.38981965814799463
2904,-0.18703876360993033,-1.396074643445114
2905,1.9512185162438036,0.463266768935856
2906,0.07194734410214343,0.1195151412401545
2908,-0.06657061332290548,-0.34974258637355665
2910,0.11505710201509389,0.24155407265593973
2911,-0.1441266078173873,-0.38264434516026596
2912,0.06531213838298355,-0.06532457635342981
2913,-0.1456710597994897,-0.2513883889749221
2915,-0.05975904292652545,-0.12634852247041561
2916,-0.03751833153476769,-0.4050702507351133
2926,0.0015876820845017736,-0.03301830416936776
2937,0.16977706945484816,0.133363789123999
2938,-0.018034226246586238,-0.2908258107960899
2941,-0.14932634730538918,-1.1322889974309758
2945,0.3878284329806989,3.5897763667365354
2947,0.061659822091306715,-0.5197506354352357
2948,0.06114021447770157,0.3144471497030705
2949,0.3439268559471156,1.8876895811381953
3002,0.21246732697064674,0.5328489271945678
3003,0.6045278424541884,2.3313382090627597
3004,0.5384995034152866,1.7007798269030794
3005,0.21148702533935126,0.29408430594450147
3006,4.745699829084365,7.5288690597322
3008,-0.12404103824035417,-0.8797173827084538
3010,0.22848245022688562,0.4634854698625563
3011,-0.2529503530896836,-0.5206891302740111
3013,0.2432173590605302,0.5499505125492231
3014,0.042406360152536626,-0.20662518102523478
3015,-0.059026709386697185,-0.5519601040483207
3016,0.5015883465521385,0.4432014713847899
3017,0.5893151491528186,1.0534772097218879
3018,0.017569196479337634,-0.2533053115050473
3019,0.1437443257373361,-0.04163742152424091
3021,-0.1187663018158438,-0.6440824064878748
3022,0.7909846500212603,2.0677660547646424
3023,0.2615730844619393,0.04629094547797998
3024,-0.2983131072748071,-0.09077839640729729
3025,-0.08609571423396012,-0.42159454066347274
3026,0.3456683039142836,2.072425765558976
3027,-0.236410755286377,-0.8807527397674755
3028,0.897753668246851,2.264011520355903
3029,0.3861979220426417,1.3122553994857835
3030,0.23405053061116332,0.025655518253772196
3031,0.3275563902783718,1.4288264419697758
3032,0.0948130569877419,-0.08483200288836337
3033,0.6290573732125215,1.8661837568669355
3034,0.23970817253311538,0.4444335136077765
3035,0.2222761350674729,0.38910371291436435
3036,1.190406775497621,3.825505652246898
3037,0.4553815889988382,1.3901925101700467
3038,-0.08103523287348335,-0.3662776245493724
3040,0.06486711251256105,0.21804204809588146
3041,1.4442699583668102,4.2492206374849415
3042,0.22214180252230076,0.7445665538874252
3043,0.49969874089141797,1.0596297692881704
3044,0.550569309291131,0.025241871511267448
3045,0.07392415545587294,-0.03607535284985085
3046,0.4881244285098725,1.150052290239134
3047,-0.013915819674010788,-0.2640523223751476
3048,0.5477833560841416,1.4603890549502951
3049,-0.7040960167546015,-0.7618817194724173
3050,-0.04080479763565159,-0.35581086245531135
3051,0.26093350139414073,1.2938500368788262
3052,0.07160321938470182,-0.18489865925005153
3054,1.158450704225352,0.3711756487111548
3055,-0.17231906177202994,-0.2901518610046363
3056,0.30205969772054253,-0.2646358867198047
3057,0.03436109428894918,0.017210999759902576
3058,0.2487866859476302,1.4914058152256036
3059,0.05347193753556789,0.0222566895532508
3060,0.4397598297822729,1.912427023571899
3062,-0.06370748540924687,-0.16592528458739694
3064,0.07829311605557288,-0.1749474235851482
3066,-0.23514350703533093,-0.6392822662732234
3067,-0.1966205837173579,-0.3113465222141387
3071,0.30082417582417587,1.6183095247129284
3073,1.3102990621129003,0.4998371505764115
3078,-0.524089156496057,-1.5960733049180575
3081,1.6180959348501323,2.7099658646017764
3083,-0.17238835417846177,-0.3850347127521377
3085,0.18139852966319037,0.05228295502476444
3086,-0.3367128236002408,-0.6808415586198643
3088,0.6452861058710768,1.646698323611764
3090,0.455382174461056,0.3472214448334636
3092,-0.04712928071555755,-0.29892449139898924
3093,0.3693180853515081,0.34127805015590584
3094,0.44143988976920423,1.9776302020083518
3095,0.10555626354020653,-0.1761156477385501
3105,0.3044450001526515,0.6938559514966588
3114,0.0034303501945525117,-0.14550612160968282
3115,0.5469767441860465,-0.012545805273750139
3118,-0.05169800609471986,-0.5917962268704968
3122,-0.015680270313077505,-0.08849660390949593
3128,-0.23621448643140874,-1.4608107021333498
3130,0.10896009463173639,0.08413470163817295
3131,0.3326292388880414,0.3174515301505447
3135,1.9511402679154535,1.5050035078407347
3138,-0.06225892130212529,-0.86309554251719
3141,0.40876779584254996,0.9149978438574465
3147,2.0649670761943715,2.8657944065192567
3149,0.23109046291087187,0.17326142147270376
3150,0.07372198203361524,0.021904164584086335
3152,0.2966780444932391,0.7355126902118891
3158,0.359055615227569,3.191168544147833
3162,0.7911105916599688,1.176275456603338
3163,0.07438348563027875,-0.03450797451145435
3164,-0.05686011405568603,-0.41836645106448905
3167,1.4872237642145705,1.8014002506092412
3168,0.34393116225757536,0.8147274765084359
3169,0.20416988768132427,0.4290856776225053
3171,0.3218350565039674,-0.0061496389108233
3176,0.4393429021820294,-0.17917073951248239
3178,0.23612399428973663,1.0015391851327602
3188,-0.45552627710986326,-0.5188476696211415
3189,0.3632524831810733,0.7904347409232119
3191,0.20657149944748898,-0.0838382241835985
3205,-0.030521472392638027,-0.30458778260708536
3206,0.14104813986849107,0.2127281389403126
3207,-0.2385728394588219,-0.8407712348707037
3209,0.6351336470983002,1.6566365011580975
3211,0.19360552026930988,0.3411524935685893
3213,0.21643553098035717,0.9998265398738986
3217,-0.07723997261231585,-0.56300808959511
3218,0.1510313364803082,0.041490807416087586
3219,0.21112389119799713,-0.215082502255853
3221,0.3167190621612159,0.8493757287281511
3224,0.42923541396453335,0.7197324823421374
3226,0.4477967558678426,0.7554594273827326
3227,0.18122482035052778,0.22559437904402552
3228,0.3037539019770017,0.4760680850745613
3229,0.847321779368752,1.978467104817519
3230,0.2887347244893457,0.009200223273809734
3231,0.9006276769159591,2.120595780905923
3232,0.32526802742768357,0.5601115001236174
3234,0.9066103830986678,2.276632186655424
3236,0.22557181079006394,0.5581103725856553
3252,-0.25284018327059665,-0.17378412300681337
3257,-0.40298541402722277,-0.9769106491401042
3259,-0.08902883771189307,-0.2865958104223429
3260,2.727129346589646,5.412347627868979
3264,0.4521595892122783,1.0722141134537337
3265,0.044858651032242625,-0.16772609951564393
3266,0.9976566720691518,-0.11120532613034645
3268,0.04603845400352635,0.02649691008855234
3272,0.08105656903841219,-0.07389029806638063
3276,0.6441001040433965,0.8228899851489361
3284,0.04568942672908749,0.06935729906044971
3285,0.7909952552318518,2.6262971244246995
3287,0.0033861138509230226,-0.19784935788009975
3288,-0.17652554457392933,-0.47345352314902944
3289,-0.04283078418644215,-0.8654763836242618
3290,0.859347461634355,0.09240181729685869
3293,0.22554063008695646,0.11429588993865278
3294,-0.03303415854843916,-0.2365469194734377
3296,0.2982310409338138,1.2453865114348328
3297,0.2344362424875881,1.0636310944210634
3303,0.25132753741808944,0.991240268486102
3305,0.6022616450309868,0.894369328470132
3306,0.2347656363162316,0.17120607785539618
3308,-0.019927536231884035,0.16242388028648025
3310,3.278263624678332,3.3446596244062556
3311,0.4828336700248077,1.2265484684331542
3312,0.3920704626911713,1.40895878513387
3313,0.49136090079596184,-0.06586072229956656
3317,-0.01842356181798921,-0.18631330345583666
3321,0.25377217080880654,1.173540435020134
3322,0.04357824052479908,0.034401553753137144
3323,-0.3201432979036175,-1.1189824766924916
3324,0.8183633586770964,2.373774367956418
3325,-0.5878571217924983,-1.7778323490233736
3332,0.28766687401311075,1.1299067328904946
3338,0.4017731568870597,1.8009753530434676
3339,-0.21939321832242709,-0.7258004744366392
3346,-0.11098421843722794,-1.0400488976440643
3349,-0.43287931415785297,-0.7349473291239336
3354,0.33102445698648886,1.00685345408291
3356,0.26838729653220095,1.4618130270524268
3357,0.5796769016521564,2.3217194041448237
3360,0.6421486501716545,1.2226493908616418
3362,-0.16644006580308401,-0.8025432168153691
3363,0.02490655473112957,-0.20526775462017632
3372,0.2174578053821985,0.7289125601616819
3373,0.15276938189511857,0.06982226403800011
3374,0.41036597685948206,0.8199362052822705
3376,-0.08271876357510344,-0.5677220575335913
3379,-0.25562942181019765,-0.7147355209669638
3380,0.22277224089081704,0.5516108724183816
3388,0.1302449329072377,0.08318343482406983
3390,0.29857024865463844,0.6289211569817164
3402,0.3318383462658354,0.15985063342537253
3406,0.019751370591732043,-0.23215063085250592
3413,0.31162276065797045,0.21228759102207692
3416,0.21180929713926977,0.4962167212355852
3419,0.027809410153081915,-0.07572484870802383
3430,0.19929317177259565,0.492669682884845
3432,0.6719349695908043,0.45355544577213036
3434,0.06650682641206052,0.2803022272833924
3437,-0.20135930425858317,-0.4443348373005489
3438,-0.15906067081328135,-0.6061821784004762
3441,0.2073589822872035,0.38266232655060717
3443,1.2289216269650067,2.2986082907944536
3444,0.267513873838374,1.02903486244612
3447,-0.2060669544697743,-0.6864809397437883
3450,0.9858057934660049,1.498236257208813
3455,-0.030196725215312914,-0.2613439069745307
3465,0.02917251158819223,-0.1652744285203361
3466,0.2118917450507658,0.19906354086476125
3479,0.27324035614784203,0.35772031733218596
3481,0.04998296818002679,-0.14857009736882756
3483,-0.22782440350615607,-1.209095532066855
3484,0.043287805639866006,-0.27700190341470715
3485,0.2966007443001155,-0.1360173701127213
3489,0.35553743618831546,0.004829524600151744
3490,0.005396896784348959,-0.22619601570801537
3491,0.8868200328775313,2.0385788926632435
3492,0.2488953951199706,0.20074678834064416
3494,0.08029174943515249,0.1410082265173312
3498,2.1671891625137993,1.3252375671528536
3499,0.13244218120093354,0.4745520023317733
3501,0.06045104299827386,0.16231132431023196
3504,0.12618996129782767,0.5259820563749117
3508,0.3154740447007931,0.07463031860006618
3511,0.3950412549104898,0.36779399595724654
3512,-0.30980199555394716,-0.45308902250370126
3515,0.559458052414078,1.0564797644747592
3516,-0.03017672692059392,-0.22321360686787586
3518,-0.25800076654050685,-0.34224347758526996
3520,0.16335443670238003,-0.054595227029218596
3521,-0.9998665005339978,-1.0191018360791166
3522,-0.0458614605900064,-0.272970069270697
3523,-0.5193166076650761,-0.6397101362923784
3526,0.3644607783321834,1.4977290499922165
3527,-0.019780053642721507,-0.23867903874433882
3528,0.5382462215615629,1.4759444431370603
3529,0.3202468191137664,0.9831051304531908
3530,0.23042280939154391,-0.16313350001348856
3531,-0.21475856895205847,-1.047189149711308
3532,0.2729168810743341,0.6830194255980968
3533,0.18487610246558872,-0.05155275558746315
3535,1.9163713273122212,0.48724493201806734
3537,0.1362906175080254,0.431649965335729
3540,-0.08812248418858737,-0.5569019123067794
3541,0.18671957733530387,0.4871449750510147
3543,0.13448468042302153,1.1218400046275019
3545,-0.07310828895428778,-0.457019972343473
3546,0.5208135504700409,0.9167371939197589
3548,0.016365988968748635,-0.3395379708005738
3550,0.3671175966802467,0.5585075395772808
3551,0.24376417865523647,0.7933788908153365
3552,-0.0047586672324827495,-0.4859873769530429
3555,0.5287831029695536,-0.13139808392531088
3556,0.59298203084755,1.0663761751683798
3557,0.2381500688653384,-0.2181638080831841
3558,0.1476533182584594,0.03664056099455576
3563,0.27159708835970275,-0.0021047418172514243
3564,0.49381196615544853,1.3978426398321182
3567,0.1415480891007972,0.8552212630124659
3570,0.4263832464793498,1.190721938842269
3576,0.10313684216630281,0.06555207801511986
3577,0.5763350908716016,2.1914922506317973
3580,-0.03076085808741702,-0.26443277294528594
3581,0.3637503544837326,0.9337035504114365
3583,0.06771595557463517,-0.43906736858476947
3587,0.15696300640280403,-0.28754874592285384
3588,0.44578000992455435,1.0669457666745628
3591,0.35575573841489816,1.7211581879265792
3592,0.1843679598072243,0.24203224607671683
3593,-0.4132945936213629,-0.4346477819829167
3594,0.48395575201144414,1.8810180473269518
3596,0.04513707920390542,-0.3364912765066914
3597,0.3585138968204151,1.1521123700520943
3605,0.2542915842280882,0.49101875824293484
3607,0.14527907603810886,0.6233438616500353
3609,-0.37961262022672826,-0.9607920078852383
3611,0.15943326932291546,-0.10160021591707617
3615,-0.40814043941499056,-1.1053583687681292
3617,0.17186998931262543,0.4192894385799713
3622,-0.20664580190848003,-0.45086022376721513
3623,0.009102075117977781,0.12010181878983898
3624,0.4513836692859583,1.7657148103632232
3625,0.2331619249902186,0.38739757151588355
3628,0.21163924450419147,0.5785104851953432
3629,13.273619631901841,-0.1253189372742022
3630,-0.07690040990866942,-0.3498535124445575
3631,1.0349027449554629,0.8838933578683122
3632,0.3030449076544399,0.6295347198783074
3645,-0.13525271505461955,-0.8543399083435069
3646,0.41441218276506775,2.026472421549227
3652,0.133713850723989,0.39122085508041965
3653,0.7985843607262111,2.7319547512366094
3663,0.11611422930569315,0.054387087899885674
3666,0.25073418358785027,0.8540316324439624
3669,-0.02238433067800849,-0.22958983225180793
3672,0.31452261617474164,0.650469485560999
3675,0.30436924532850584,0.9170548160031813
3679,0.1591734048686586,0.3912294030682581
3680,0.5272083618058545,0.9789267136344539
3684,-0.019061281238585637,-0.44655979998224155
3685,-0.002832991440899768,-0.27433813369066296
3686,0.19193891275109554,-0.02401458552768687
3687,0.15837992325472827,-0.04269773725595663
3689,0.6635269066653315,3.6266009630487717
3691,0.6868435347983495,0.6011994721852326
3693,1.2507055274275904,2.319586258632358
3694,-0.09302928392986343,-0.690346364876617
3701,0.09402718652316544,-0.21799724652236208
3702,1.0171209952785714,-0.2213059626528185
3703,-0.011327582887309284,-0.2639782956867714
3704,0.21963958063187095,-0.10343055835288602
3705,-0.056693408241018206,-0.2980920690118703
3706,0.7976909287493728,1.3806133265493186
3707,0.2998940508650265,1.033178749213586
3708,1.2609050231339265,2.41208809213769
3709,0.8225670484236192,1.684714482458785
3710,0.2581876924143711,1.5563929959920206
3711,0.4081626453665186,2.254675708572113
3712,-0.4829517648048448,-1.7783225996237602
3713,2.0014863642238594,1.1400945931547817
3714,0.19393280493166953,1.0289549234530468
3715,0.6638231272867114,3.1821781800752706
4102,0.2782417504477188,0.9211184874844649
4104,0.2204581805139465,0.7666222874451668
4105,0.1384371652164602,0.4736470264867715
4106,0.13822762235986996,0.48859699895198966
4107,0.1255814761819245,0.29274124485981495
4108,0.15460057061340948,-0.15727793577026306
4109,0.2878047896487048,1.1204372351706102
4111,0.014987390619975338,-0.3480963146203331
4113,26.422994693238653,0.23675472564551323
4114,0.45990260235523817,2.5000172846239472
4116,-0.0016744605655044653,-0.643563174421023
4119,1.0654672150893565,2.5933085630844306
4120,0.11600430941287487,0.49959457284563163
4121,0.024435665855508493,-0.20443687085472464
4123,0.23832720641952498,-0.17451102573447888
4126,0.0544988726868354,-0.19922704244300649
4127,0.35121401692193377,1.2835281031179087
4128,0.0232960127431181,-0.27662263719054236
4129,0.10381303538849607,-0.23203482236767703
4131,0.18752221195536278,-0.2387784266256612
4133,-0.0914505029115934,-0.7863622521565888
4138,0.06453742750911262,0.058941848443534714
4142,0.07427383479196359,-0.14804548236136203
4147,0.18577387701395587,-0.27778551418186426
4153,0.27102214205808295,0.9370416879705791
4155,0.351644288621197,0.856526645165102
4160,0.06827684458138683,-0.10825830730024057
4161,0.05275928517246409,-0.19564526963186488
4162,0.26006677560572133,-0.16288976809875688
4163,0.24718706047819983,1.2247647459494044
4164,-0.10918221297606467,-0.5212264255268213
4166,0.3483505854881572,0.20873520786878583
4167,0.03197981113643755,-0.07448612406421688
4168,-0.656493117893477,-0.11188857466890441
4169,0.1020776399691683,0.055581850045001976
4171,0.2224447739922577,0.07005609012710788
4173,0.03467257865049911,0.1262246175333058
4174,0.6809192354435973,-0.2931342125635895
4175,0.051791959879007976,-0.4040604307278852
4183,-0.18004758814622535,-0.7479213845465343
4188,0.01661752881265066,-0.21667265756409035
4192,-0.15384615384615385,-0.46702795560391724
4195,-0.05544168942487093,-0.45555539930398625
4198,0.461601077864481,0.9146208553754328
4205,0.05093974058079276,0.24366506964177323
4207,0.20223398475749788,0.27907439538514517
4303,0.19587949707456742,0.06486181326469982
4304,0.07633986928104575,0.17147031313219827
4305,-0.1714245304788632,-1.0332323791021996
4306,0.13717170336164797,-0.046763859457053705
4401,-0.09406571024512578,-0.5131204312077344
4402,1.3006123585080722,1.2456364934685553
4406,-0.8526831760002358,-2.817680099479236
4413,-0.5264484195640073,-0.5017177232179292
4414,0.22201543175042726,-0.056067823243833095
4416,4.445142472515145,0.3473397545215974
4417,0.2921288472630117,0.84599195586024
4419,0.029480084462651712,-0.15693070202328607
4420,-0.06712178101414645,-0.33413209871039445
4426,0.18484626819887207,0.11765696423662671
4430,0.18338939404525445,0.5763697306412053
4432,-0.1793757218919909,-0.7254106077570656
4433,-0.08166853878049118,-0.7559422180707657
4438,0.03266377295953227,-0.2982099322161362
4440,-0.35372519012445924,-0.9283985021212898
4441,0.14998744384097495,0.35809985124605226
4502,0.5411489617298781,1.241847073474378
4503,-0.6227063642813008,-1.26565134483378
4506,-0.062258282882468596,-0.6194530628331034
4510,0.26650354080462346,0.32241510129315054
4513,2.6289511830169268,5.051357333598198
4523,1.1295856103119561,3.442932169431058
4526,0.35028271873671746,0.5284282421794079
4527,0.1422150349490472,0.25845476928248795
4528,-0.05471920511988859,-0.4720070082867388
4529,4.446518305814788,0.05128164088981418
4530,-0.2564255319148936,-0.41092323945739595
4532,0.21518931060921753,0.007480098009873856
4533,0.05123519318219971,-0.0904088213119214
4534,0.5884532914195613,0.8878066291906748
4535,-0.01680929804928566,-0.3373180737991213
4536,0.12852132598773558,0.04694805287303938
4538,-0.09989033644777823,-0.4499342870238008
4540,0.3683282591120973,0.8072881745787621
4541,0.39767447003521217,1.245266542101057
4542,1.2656789763051624,2.2497041564115308
4543,0.19265623951131094,1.4096878393201178
4545,0.1457320069681518,0.6090875091090706
4549,-0.0053353517824505925,-0.25377592673749994
4550,-0.02163276916512591,-0.16483094489746447
4551,0.28845626259898904,0.7093388214699368
4554,0.18028672659274325,0.4537280734571485
4555,0.28017316742226295,1.1194067433071595
4556,0.32875719355306376,1.6718446332797485
4558,0.25218090470945276,0.7109504377483273
4561,0.3916044753405812,0.5682949018223082
4562,-0.14332228979691297,-0.4771593189283496
4563,0.2595805300497891,0.7159608047755612
4564,-0.08968062675974353,-0.17158719776058332
4566,0.43070515117800445,2.2257990055935526
4568,0.15554745665642744,0.5782584499850553
4572,0.2348910216162885,0.45278876270834545
4576,0.7337140175695729,2.4113086397966943
4577,0.4973072538481842,0.9485612822459334
4580,0.047452034907699225,0.3939834309656178
4582,1.1711841086592885,0.20866705192378057
4583,0.24647218053961817,1.9469782985403257
4584,-0.06370239295487745,-0.4675589245426343
4585,0.18837780079696143,0.35888195361859354
4588,0.6197069752041793,1.6275302635392912
4590,0.35560459062479133,1.2685349789326756
4609,-0.4321320793881429,-0.9207075915027498
4702,-0.23866602223296274,-0.487440944781977
4706,0.10842659545740951,0.5266422257034041
4707,-0.12869127067084773,-0.30459764197783396
4711,0.1759463354669153,0.6406964714203675
4714,0.22064711830131456,0.04341753705195277
4716,0.14614690180086232,1.0296074098932744
4720,0.24893561407061693,1.1257687489823915
4721,0.1482789069374153,-0.03463448009033292
4722,0.26074872964844964,1.0144000185066924
4726,0.1523855091634887,-0.3340099665387761
4728,0.4952939547308375,0.3150656836221289
4729,0.11670093403042947,-0.10781147926723664
4735,0.1529089976197182,-0.022429720650527625
4736,0.07107425527493905,-0.07360925209908271
4737,-0.05154461118631404,-0.5556885486468225
4739,0.8415747346224307,1.5769040902571079
4741,0.18920519400269487,0.8713433873476178
4743,-0.2921503827359263,-0.13562326251781037
4744,-0.44701472213767357,-1.441634377118501
4746,0.0921028091601741,0.06806671611116796
4747,0.08747309767387002,0.1820899118595733
4749,0.2960664625913483,0.238179640691815
4754,0.31685027274214317,0.8274441979059192
4755,0.1314026014192684,0.44497842347726635
4760,0.7847594162203386,1.0983548868657116
4764,0.29258576092300825,1.4069572296521362
4766,0.15996538867135812,0.7764450214527671
4767,-0.11676577902312169,-0.825391447607412
4768,0.949220742419949,1.3654490339024339
4770,-0.045442538190967,-0.5188474686923523
4771,0.3670610738911322,0.47104776193140896
4772,1.151856699246705,0.11046372529710766
4806,0.8667057788207686,-0.2363787201609998
4903,-0.24034554311308032,-0.8174990559632037
4904,0.1547863881250211,1.265134274746206
4905,0.5572914597674405,0.27787569356511926
4906,0.2595212079582607,0.6844606840526969
4907,-0.9281082735246058,-0.15493926232259417
4908,0.36203468646942993,1.3897412811111276
4909,-0.2802726427159633,-0.4957301997341641
4911,-0.5753739078927884,-0.26992271393235584
4915,0.18841800785036833,0.7754186311410983
4916,0.95068567784595,1.1304556308219749
4919,0.06729740142985574,-0.16678073111075187
4923,0.36967162833786094,0.7317739042289042
4930,0.10892350915315241,-0.2079435657159566
4931,1.4198978503757416,2.6192991451137564
4933,-0.28587310552936307,-1.304704012626447
4934,1.7652404921700224,2.846998331348721
4938,0.19798687679341254,0.2600135647162811
4939,0.419743349126938,0.5666619587637315
4942,-0.11335692400580644,-0.28756398749399764
4946,-0.06109221745773574,-0.2674408720455722
4949,0.8999242407110066,2.0744668215454296
4950,0.5474441309072038,-0.09952218547580924
4951,-0.03229589535408206,-0.4850381694561974
4952,0.475816925051076,2.314161184219807
4953,0.3220947395490237,-0.08750400022050936
4956,-0.05610587627778363,-0.44700032549801205
4960,-0.07833789577484984,-0.2620154735120086
4961,0.3567214416968947,0.47608281574561934
4967,1.038273237435018,1.3764106557693943
4968,-0.030378723576249933,-0.5221055582247096
4972,0.2046826570025273,0.6919225500534376
4973,2.099202079148827,6.061939445438352
4974,0.17701287979700275,0.7506989660807295
4976,0.07606334808313875,0.151613899086014
4979,0.32211636560437373,0.24075049050390288
4989,0.9241108528345519,2.56045138026267
4994,-0.1409773575776596,-0.41917564482495134
4995,0.4445781421928796,1.2727046414765417
4999,-0.2031255410021039,-0.6667152643646758
5007,0.089278794725697,0.15847245027712917
5009,0.21647557648991111,0.38496688279802166
5011,-0.388212666823181,-0.9997904788568099
5013,0.2879829566089287,0.5687232360369411
5014,0.2711734276042803,-0.03971881819209717
5015,-0.012953165722490168,-0.16279243359324835
5016,0.11699474332825877,0.41782871358429086
5201,0.09636113244524491,0.06422418853892804
5202,-0.14958925046169524,-0.6359477515630401
5203,-0.16112388308541958,-1.3162071592865419
5205,1.3904259991216512,-0.1724948665961856
5206,2.725806451612903,-0.13813570342112116
5209,0.07466588534368301,-0.2181249678552183
5210,-0.008698251382454059,-0.09689065945116371
5211,0.37411535293425446,1.9031956513667319
5212,-0.07234262596766594,-0.8599833916050081
5213,-0.21689042867802533,-0.24275573002539463
5220,0.6659904794499238,3.0087323073427616
5222,0.03608783055423381,-0.43981185416079677
5228,0.6171216333226996,2.203649593618902
5230,0.19707713593912146,-0.1460990856435084
5234,0.17134919467211351,0.8921790226632342
5236,0.07779497932548152,-0.13691373596627854
5244,0.21397524959192205,0.8009247082551374
5245,0.23944247859323098,0.6654534479208631
5251,0.17486877122818378,0.4725147036264334
5258,0.17565601158583877,-0.08768364246481185
5263,1.3223026244734855,0.4342668727795762
5269,-0.31325019929393005,-1.3326900151250411
5272,0.1839618069019,0.7196147108751716
5274,0.9408327023663439,1.6380956511426166
5278,0.22075854347905888,0.0375077653251022
5283,0.043656582425907864,-0.061592845566701394
5285,0.20521900701850093,0.24063706566634555
5287,-0.015669402567843438,-1.0026442900380774
5289,6.320025377782905,5.100769411523366
5291,0.6949939178441096,2.962069667883662
5292,0.0018907517796242779,-0.7736027924037486
5299,-0.046549478320329296,-0.4996901464364529
5301,-0.6121338349905939,-0.2963665286545421
5302,0.18918918918918926,0.5002195050477337
5306,0.23876438004447786,-0.10369018438015028
5309,0.19681724140563572,0.3840883126761044
5310,-0.31865284974093266,-0.3346833834758357
5312,0.1025835460477833,0.5362445465180712
5314,1.3931542980457978,-0.06657563100819354
5315,-0.10189466357997845,-0.45371746430196513
5321,-0.05121796305162263,-0.25260545201181456
5324,0.9243394610265534,-0.026305729551435154
5328,0.43419993751360964,1.872994538812772
5340,0.40115329268886124,0.6303492927990156
5344,0.04777865331897946,0.015612119804543412
5345,1.670953312831982,0.08245516674183549
5347,0.34684835329664687,1.0471039150159458
5348,0.046509627378170215,-0.1891245938064394
5351,5.832875295171093,6.279034733362654
5353,0.0438074747689543,-0.02469992806721492
5355,0.8614947237495434,2.7279848258044885
5356,0.4289508135853932,1.8221337492423324
5364,-0.7901916909846461,-0.1354838888769908
5381,-0.07300636260448212,-0.25282158842743707
5386,9.57382503071261,7.499623467198871
5388,0.5496513043842723,1.3156802562587626
5392,0.1362210638130832,-0.17211945700758605
5398,-0.26636851520572447,-0.7385073441881712
5403,0.17925800062713226,0.2961536950524552
5410,-0.13490186158451312,-0.589566280610876
5425,0.18383031788202397,0.2464075380414753
5426,0.433822656883492,1.698467209668406
5432,0.17965491088357988,0.2739796186330323
5434,0.37290419936568653,1.0468920787338944
5438,-0.14375107641081575,-0.4314857559180747
5439,0.10132958462552533,-0.17409922435430747
5443,0.3979678017225714,0.41790228574367105
5450,0.20395506910076588,-0.06052668916321858
5452,0.10168451180772653,0.22170916497115514
5455,5.037103530819868,-0.1641687883497075
5457,-0.07483323767052286,-0.5430327053333726
5460,0.2911644134321849,1.666442642147258
5464,0.30991046893005936,0.6541458284616576
5465,-0.15884159623752914,-0.5610131894713827
5468,0.996294061880548,1.278613026015661
5469,0.2201810514174838,-0.17388275822268282
5471,0.3506954096684811,0.9969253177520473
5474,-0.03125033117635967,-0.3506916887852631
5475,2.316514685878382,2.807909004070356
5478,0.06030032788231132,-0.1260912309839218
5481,-0.08293923760389799,-0.18376674489934144
5483,0.1483058150218175,-0.26422493353323945
5484,0.9294311267746118,2.3410809120070586
5487,0.20076110386672696,0.9252665928333842
5488,0.33874026506353316,-0.05912168319110683
5489,0.15784545622760882,0.204713894400078
5490,0.3136285284661182,0.40113565338415064
5493,0.29775959894153825,0.11994019097079736
5498,0.9005109245423502,1.5600581163763634
5508,3.180607374446156,0.5820917701984195
5511,0.027861868600735695,-0.25913437981241316
5512,0.2842871666487623,-0.06655472366938846
5514,2.663900414937759,-0.18620133224234311
5515,0.155204702537864,0.2011083768475181
5516,0.41569047176050367,0.26811571362988473
5519,-0.874356294327619,-1.0297725384929488
5520,-0.008383280627278222,-0.3440030947154458
5521,-0.030247510381083642,-0.3409182471888711
5522,0.18850730607067812,-0.13463641616934782
5523,-0.4001059883412824,-0.2542658361300503
5525,23.856965876983264,4.689432084606174
5529,5.996061330707554,0.2049892971387332
5530,0.018629471056674562,-0.14463532702194848
5531,-0.03055377484096844,-0.35865900760771774
5533,0.10919994512565578,-0.2396924324465163
5534,1.5071723185416155,0.10019175812216283
5536,0.23582500705843423,-0.10259874602122566
5547,0.3945457694165686,0.35644458830931985
5548,0.17528126157088741,0.041099466202497895
5601,0.026357519393134243,-0.048572111256994975
5603,0.09515386906389978,0.34971808586500885
5604,0.03067129629629628,0.4283637223222527
5607,0.36181404396103756,-0.12965421057450013
5608,0.3535893990884902,0.005470602284750208
5609,0.373326201475525,-0.09880763626079529
5701,-0.043496874732425694,-0.14250454278399236
5703,0.341581937799043,0.8065479366641001
5704,-0.9727507214546569,-2.4874285859868674
5706,0.013518207457177134,-0.28130655139611654
5864,-1.1894833048988545,-0.2807580838040282
5876,0.06438301097570598,0.03426797668317519
5878,-0.008618136587099423,-0.36505128231943323
5880,-0.02964966844507755,-0.38002901670891787
5902,0.12305216400871188,0.15789372596087112
5903,0.03843907538376956,-0.5161348025316601
5904,0.12572445630316564,0.17151763446273263
5905,0.875673708643141,0.7994000407161401
6005,0.5765141111475409,0.13645298439524053
6015,0.821675891706223,-0.06531252953539937
6016,-0.4970922156575852,-0.38357222238958705
6020,-1.250290538800279,-0.234279091584465
6021,-0.5018462571332662,-0.09932091605991487
6023,0.673165393142791,0.6467532901545602
6024,0.7375375294149469,1.211051277101878
6026,2.1183685815524034,0.022765464733363903
6028,0.5051916164585004,1.3703153119052447
6101,-0.5839786164545631,-0.1374124082591764
6103,-0.4310404557527233,-0.4539079339390491
6104,0.04540070005567931,-0.14608337154770812
6108,0.5218333540241922,0.8200050830817432
6109,0.14227102948150283,-0.023817045691633437
6111,0.8987751039662883,0.47522784988215694
6112,0.10082050526826314,-0.22114628278716192
6113,1.4316542569467718,3.508791678471358
6114,-0.05182113735498173,-0.17714820586886248
6115,0.12761613174463404,0.3428563443350347
6116,0.07023897745064711,0.12171011429001125
6117,-0.06009215097905951,-0.4294790527562743
6118,0.17292632708557898,1.3902135175068084
6120,0.07220694096852309,-0.09480261963798482
6121,0.09463583305231493,-0.1250201037688647
6122,0.16875140661287613,-0.04128492731183647
6123,-0.04072820489094131,-0.37311583028597856
6124,-0.08149984381632802,-0.3710784214419061
6125,0.07650253377441074,-0.1163418191962405
6126,0.6162343331140061,0.042577947694026674
6127,0.20521805277937388,0.20948418760686485
6128,0.02676459208836346,-0.21481025949180174
6129,0.36499608403046824,1.483005766020978
6130,0.5197993140395136,-0.14421102750997258
6133,0.08166228776449991,0.23181091529654557
6134,0.2689312897430354,0.045437619509591874
6136,0.24205145309122633,1.308737845169325
6138,0.07493168746696544,-0.12140747149831414
6139,0.508100669398176,0.2418723734948705
6140,0.00894137123056371,-0.11543734101499413
6141,0.68836349286882,0.9332835072075999
6142,0.14245997946235955,0.44916817560536326
6143,0.06704461056725175,-0.26385855658275864
6144,-0.050783837491719996,-0.0045762074048408975
6146,0.11273766496954818,0.12465794678991876
6147,0.36652526865683166,0.5339374699903153
6148,-0.3091748771241889,-0.27443479807946475
6150,-0.1565513179439939,-0.4359629177317864
6151,0.16188167230491923,0.3719624939475714
6152,0.9616727900599913,2.6250481669204224
6153,0.20362552132353873,0.7699517149207418
6154,0.07118326808841013,0.8154260026595095
6155,0.3992578339747115,2.0631756840381703
6156,0.5377307048761222,-0.119323278967107
6158,0.13503661649135656,0.55700424346152
6160,-0.3338606848440434,-1.3982725540497445
6161,0.09127656657068428,0.33075819491910025
6163,0.1973773276788442,-0.013674820421062646
6164,0.1962105790611004,0.8583076244303139
6165,0.1035339417612322,-0.20330571207669298
6166,0.3671878493891796,0.8197712721269289
6167,-0.10045561616662535,-0.35110067941986356
6168,0.12618908637823334,0.37205458030629457
6169,-0.7877327127659575,-0.5957977511864905
6170,-0.005639012671265098,-0.05085452905672398
6171,-0.9851830819038707,-0.20910474442996801
6173,0.43327685146107475,1.092120124126184
6174,0.33602769876308036,1.1749238388584555
6175,0.5024171576057499,1.7522066424405962
6176,-0.12767026875617116,-0.26788552342336686
6177,1.9749274794396245,-0.11711439856356637
6179,2.496410913241266,1.5736398354893673
6180,0.06785341519535448,-0.14886058547132114
6182,0.17645056353770028,0.0991559296521573
6183,0.1922060880975347,0.4252453336315594
6184,-0.011920012238886835,-0.4756206858897498
6185,0.525891673455045,1.6473940805878426
6186,-0.9921268023941923,-0.2019368752888573
6187,0.8733001674026168,0.5916885616966572
6188,-0.06436239340255889,-0.3835653945634917
6189,0.07266800191068401,0.1823300828629712
6190,0.4698255275909031,0.8578589945228449
6191,0.1661798989179868,0.3642697550981219
6192,0.2837023415869364,1.3491063660529194
6194,-0.3950356056357178,-0.9555947454337747
6195,0.13589124541786024,-0.03532145513070285
6196,1.0125763924558226,1.8460994456755324
6197,0.2781180850498186,0.7002534188830687
6198,0.0,-0.11310007784630909
6199,2.7963874152549164,0.7487113370786191
6201,0.06017265859037901,0.3044439042863291
6202,0.38335121609166234,1.4221969166508608
6203,-0.3610280677178537,-1.0865944955636608
6204,0.1999520259060108,0.5961850675621603
6205,0.24115302522799342,0.9411954553398851
6206,0.4048558298426126,1.2574372918858054
6207,0.13825909492430632,0.038796118090815554
6208,0.08665771403754907,-0.0895155154242769
6209,0.9152243837134852,3.1153668256198115
6210,0.8076860900874421,2.899742850397771
6212,0.3304587077081811,-0.24822689803144674
6213,0.7937160369846463,0.8231356365398148
6214,0.5727766994999111,1.2122628815100263
6215,0.6022269415375168,1.3322135170719331
6216,-0.13223456026671687,-0.6259168024477672
6217,0.3106800325338861,0.3335348587278751
6218,0.29038338860121504,0.7241484117235246
6219,1493.875175315568,11.046578879558448
6220,0.6149348445066403,0.6304124800996256
6221,-0.209540189243135,-0.8699369689059636
6222,-0.45884413309982486,-0.2073185826837556
6223,0.6722805892810142,1.0957939415663143
6224,0.3191363241367571,0.9216334708988343
6225,3.985418626528692,2.829258334534988
6226,0.19028978568813537,0.23190040439548001
6227,0.8910816064661071,1.9432579148327893
6228,-0.1970845972362656,-0.3760620047718368
6229,0.27428358892589144,0.409137219621866
6230,-0.014488255625308644,-0.3451443495498955
6231,0.07394421237678173,-0.2529333649095423
6233,0.2469913118095033,1.236424018791086
6234,0.3877715322911177,0.6084928214639004
6235,0.01550191057425887,-0.24928885392350836
6236,0.09528239202657818,-0.13851145693979836
6237,0.13497956811703826,0.09865850649848816
6239,0.25186622910719403,0.5573421793603778
6240,-0.14629147946717114,-0.2658563614868981
6241,0.14990499068972318,-0.21884575570939102
6242,-0.035559079383363335,-0.2808717778108661
6243,-0.44487623500736806,-1.345132030512481
6244,0.27358922582417833,0.10094710015480637
6245,0.4899448643686708,1.3033055401324067
6246,-0.17441646023256863,-0.5587444126460328
6248,-0.005555471838379011,-0.14735193661379564
6257,0.25386413294327426,0.5091948649852894
6259,0.8928882514935288,1.3901573827999996
6261,0.06842968267830019,-0.12963076486334177
6263,0.09960468068045603,0.4339784862190281
6264,-0.4092588567702673,-0.2928018663291591
6265,7.160501573182996,4.426038853562377
6266,0.045710508215885515,-0.16150358345668422
6269,0.015341688991212576,-0.4715049601218202
6270,0.4566883476371766,2.046063399835709
6271,0.18588937295876118,0.24887415704301857
6272,-0.11014690187770748,-0.7492330713262925
6274,1.2090757996119348,3.180748625025093
6275,-0.018958382932539597,-0.6061771297705546
6276,-0.5205904737743388,-0.8941571681075615
6277,0.27301261437115465,1.317431543379154
6278,0.10781469784047171,-0.18450019507736742
6279,0.36235245608295363,0.9788816656169805
6281,0.022349395174235953,0.001603830792383657
6282,0.36104826114013466,1.7581917538653982
6283,-0.11663404846680758,-0.31845470596376535
6284,0.02117492112889785,-0.38491350123992285
6285,0.8517812477419033,2.5405262418898884
6290,0.09799537875476183,0.24483575005200575
6291,0.4119209101707968,0.12090614169049564
6292,0.25692077175223504,0.7840300859882269
6294,-0.09585985635354777,-0.3596732406312413
6405,-0.9328063241106719,-1.9728486070600044
6409,0.0872524845193472,-0.20059532220978774
6411,0.09870642835983023,0.052200327388216276
6412,-0.11051932557458977,-1.2602684189676452
6414,0.5174066956169845,0.045741051474933625
6416,0.7680700820458766,3.1896822221273737
6417,0.28918467186152474,1.2436418070240218
6418,0.5353320683111955,3.4552566644707685
6419,3.913845156322817,3.9945123024105254
6423,0.43745713038598244,0.7158385477964894
6425,0.8733763106220591,1.392764123204249
6426,0.7473028295734032,1.9906947970050826
6432,0.09294130964248293,0.3305141101148886
6435,0.23880037115753194,0.46716091435695395
6438,0.054771007881354805,-0.3039283178791009
6441,-0.09524187404773998,-0.207481335853846
6442,0.5575400705128384,0.5858883189954587
6443,-0.12869795991468436,-0.19297233867627206
6446,0.9765058015242087,-0.21081940161620782
6449,0.2637571475584266,0.5094314584702938
6461,-0.8321283010440511,-0.6956774982092766
6462,0.1710536648403198,-0.3504032495674812
6464,-0.04282079456759713,-0.5918902306208605
6465,0.8840457046127803,1.4585647868450256
6469,0.025886828804589923,-1.7223915965316432
6470,-0.3484103028185551,-1.1183148337038313
6472,0.3243805270447109,-0.392144539201231
6474,0.4118663019802804,2.1598778177727285
6477,-0.18372481922487338,-0.4475553739897153
6482,-0.19947100033360343,-0.49924252196486846
6485,0.08595780064442371,-0.024170373223680475
6486,3.2192598378069768,8.326446815234206
6488,0.07403680725171569,-0.24575769615775217
6491,0.228708978239067,0.14412150237502436
6492,-0.040000000000000036,-0.3611349394698669
6494,0.5320509741471362,1.0805781994529886
6496,0.12126160710696632,0.5760465631015167
6498,-0.05848915393570764,-0.5674719020765985
6499,0.24723558076795937,-0.24148902255092813
6504,0.05351745629123572,-0.1766403672567306
6505,0.3375038478074701,0.8644611281041954
6506,0.19836786540282092,0.8676615895914868
6508,-0.039657838840296944,-0.29835599980794053
6509,0.133373321348486,0.4161167710548001
6510,0.48134999760788255,1.062546085429727
6512,-0.6910749954603232,-1.7362904744507024
6515,2.1475269748837564,3.142192039634725
6516,0.25414013293725124,0.25663742123850697
6517,0.4811428240383131,1.8646478663688906
6523,-0.10169979832901177,-0.5690135905989762
6526,0.19220660659320266,0.3231921762115402
6527,-0.007714077709690348,-0.2979874514700732
6530,0.12708316230194572,0.7705970525231709
6531,1.148757334733725,2.3106522737171717
6532,0.4612002822974872,1.4013587347801133
6533,0.6886684227232986,0.5843244179267237
6534,0.06292079813930718,-0.29844839807408163
6535,0.5804861655651394,-0.23125235952418347
6538,0.553065227061345,1.3263901078484908
6542,0.14741998594603878,0.7550740828126294
6546,0.0928927680798004,0.4620287341645875
6547,1.057321376623705,-0.3763010692664637
6548,0.3893061126436259,-0.27278704195241116
6552,-0.2268898445811346,-0.664578016481449
6556,-0.15068224233721117,-0.8415003924481518
6558,0.034861214658484796,0.06350317856165218
6560,0.6251300828676045,0.1185352180027768
6561,0.14757927504768298,0.9474031184033812
6568,0.22496912540698322,0.7001986891937356
6569,0.023539450348155633,-0.13085466842070337
6570,0.4181634767684421,1.3150505136767168
6574,0.5635711294956758,2.298738084251949
6576,-0.6413865535130914,-0.35943165576259006
6577,0.08922773176993792,0.13703904681426188
6578,0.5672127304164347,2.705721143213663
6579,0.33891735369057074,1.1660645657302346
6581,0.31665526928068877,0.5682185245170307
6582,-0.2404418011894648,-0.4280348615216149
6584,0.36985007214913845,0.8303207509660119
6585,0.46062793004843705,2.0824641228846423
6588,0.9958468987394606,1.8738133041656058
6589,1.380275928568298,1.1835019956849289
6590,0.19759276648771884,0.23087476819868963
6592,-0.044683233492821994,-0.9595074282498365
6593,0.3535596275157704,1.1871020747298267
6596,-0.7452091909807566,-0.2695524297064901
6597,-0.06446628680476874,-0.634862047000206
6603,0.12376028735765776,0.034207407270970866
6605,0.18517649978718187,0.955735379766242
6606,0.4075946606393155,1.5889914268467467
6609,0.5206643450985682,0.57642255314964
6612,0.3537507790689527,0.49188178322354104
6613,1.1824653633666613,1.7165656319931824
6614,0.013531787515405957,-0.5364518560335636
6615,-0.001998757249378591,0.0937317801718562
6620,-0.5695936482907397,-0.4007494313054015
6624,-0.6660977353992849,-1.0812681121899255
6625,-0.11257061590635598,-0.5617598554970833
6637,1.1087687466693734,1.5803928943960155
6640,0.6241454894096543,0.46624295164854845
6642,0.5856707704023354,2.290292432662061
6643,0.18620903236287845,0.2941320682374665
6645,0.33315230873410173,0.2576002763797234
6649,-0.2090928883874671,-0.29954248877832373
6651,0.4509432494889343,1.7975097360637295
6654,3.2382985378059272,3.6779666234717445
6655,0.30061947434895053,1.8580170929276494
6657,0.10605187319884735,0.047930472178584003
6658,0.9180106177153837,1.9975065608701077
6661,-0.1313042406745648,-0.6662104895183528
6662,0.14598426180364732,0.3165995679184898
6664,0.27266419466238045,1.6907358265692718
6667,0.10833841278289724,-0.6372533433681026
6668,0.08491181553795646,0.1522325383073834
6669,0.40197709512122426,-0.27305466718743016
6670,0.24755965134320856,0.28448946030993033
6674,-0.35200417225450753,-0.46907162183792106
6679,0.06335978835978828,-0.20154699056107436
6680,0.20530495677007932,0.4787430614780132
6683,0.24886227200506128,0.20161489448687606
6684,-0.019529418255040953,-0.3161508405344068
6689,0.2174059694520425,0.11336741969373756
6690,0.08075369470043303,-0.7025403541457801
6691,1.650068900310806,2.6392895533357135
6692,0.2705591335327364,0.03820421151776647
6693,1.100651327617503,2.772997858145091
6695,-0.057221234077057925,-0.4607611989377839
6697,-0.04364572960439672,-0.4118182601132408
6698,-0.3986974243131093,-1.2708612645639408
6703,0.144581195708128,-0.3565964214797126
6706,0.3287830138496344,0.5526669313830267
6708,0.19356884632460192,0.07009713772052743
6712,0.1937726222488585,-0.4880066113832632
6715,0.29756718024276396,0.2830073092101477
6716,0.9013068603439591,1.6084912281093526
6719,-0.11713664455090134,-0.7202913697037503
6720,0.007035767830370521,-0.46591545802923473
6721,-0.10351006560535359,-3.7967737306504654
6722,-0.05980140614560814,-0.7128594055030014
6725,-0.0572384860626427,-0.39015597344214215
6727,0.06849320953049864,-0.37119873057636005
6728,0.3321066868916698,0.33643685200582907
6730,0.06960826109611107,0.09161603873965243
6732,-0.14495323970223695,-0.5041215209417816
6733,0.10800035282702658,-0.6623686015265283
6735,-0.13423215017229329,-0.5516455597467255
6739,0.9899905173322094,0.8876178946405224
6742,-0.2482385035074045,-0.6001222177911181
6743,0.29688158200853043,0.055896169485769115
6751,-0.13463788817030564,-0.8873450437243107
6752,0.07904566717378625,-0.6098534891893566
6753,0.3850827970473676,0.09120831278569064
6754,-0.1299395899728868,-0.5075641224179844
6756,0.707243636001692,1.6131511481108631
6757,0.25343816820968135,-0.4506578154996116
6761,0.12288838221577358,0.4083070978550837
6762,0.29583084523098635,0.550010160774643
6763,0.1397887307196568,0.08766813700670369
6767,-0.08603113903305104,-1.3554457510273443
6770,0.7187276354563716,0.4991483540295742
6771,-0.04874343585896479,-0.6313399202761503
6776,0.2502518718497617,0.558098717456613
6782,0.3995901618950086,0.4853207199460828
6788,0.2629752550610349,-0.1407022313556622
6789,0.19357674518604595,0.4116593054617626
6790,-0.05628842637328313,-1.0998070908532087
6791,0.07002494463690301,-0.880101892175314
6792,0.10025375349579946,0.8232684846497993
6794,-0.14222585924713582,-0.6682226054307203
6796,0.33589021908612815,0.98201171939495
6799,0.07914574980627331,-0.10783407957369368
6803,-0.025606950414724272,-0.37957829083462324
6804,-0.17872544438014393,-0.4776378975898134
6805,0.258128804147602,-0.3029185755787304
6811,0.3380514163405106,2.2794939182583946
6821,-0.12170149672403774,-0.8367712080394164
6823,-0.19381071081253287,-0.584647129197442
6829,0.48264523200584586,1.603697638012355
6830,0.22933485772001316,1.497601811406188
6831,0.2991491704929843,0.047353293269914914
6834,0.8903397303592557,2.4461005871391563
6835,-0.05415930539083247,-0.1447549821538183
6840,0.1534410734630154,0.6150691966179472
6841,0.27043640994983487,-0.6547174674502718
6843,-0.16499338502503647,-0.7931016319725437
6844,0.06280701101518305,1.351548502833291
6846,-0.08017008523350933,-1.2856285419720175
6855,0.4183736369626674,1.895925214496468
6856,-0.007976258899980104,-0.6127407709473667
6859,-0.16014458501320727,-0.3842019913028343
6861,0.41596965947982634,1.784703984985221
6865,-0.4988581659041178,-1.8459831245768252
6869,0.2324048393695055,0.0021156628303658884
6870,0.4083407194596411,0.9772136575530584
6872,-0.3911809648548352,-0.39487121498247113
6873,0.0428387065479352,-0.5141334890817536
6874,0.18594822523658694,0.1909487501499782
6877,0.15461217832548035,-0.033450696766203325
6881,-0.19822932034389784,-2.2512065312419063
6884,0.7171315014047832,2.5267125043638363
6894,0.5966773705581061,0.9607549895281444
6895,-0.41231547566716487,-0.9845854940091157
6899,0.020291849734441536,0.13395907313636643
6902,0.32200338544259677,1.62231501648352
6903,1.4822985293139017,0.7744044961956499
6904,0.17025425121920046,1.1167447108951587
6906,0.059080218752656455,-0.19537143530415793
6908,-0.1018897287147289,-0.6945655187662946
6909,-0.018005339337956228,-0.4434568427972488
6910,-0.11622507907948576,-0.9069339900694213
6913,0.49882044441334794,1.305842981726111
6914,0.09336037702081956,-0.8464128988493246
6916,0.441399234320232,2.3087784796662643
6918,0.11642143849751396,0.1495774677344825
6919,-1.0,-0.259811405287594
6921,-0.09246348465251275,-0.505517753381903
6922,0.6192834646659928,1.7439051580062015
6923,0.24734520957044137,0.2122879966466912
6925,-0.015286150473655336,-1.2955800673224738
6928,-0.2830767647800746,-0.30899120113476247
6929,-0.0033149130114681347,-0.4375027419161734
6931,0.20728902284263961,1.552145024833376
6934,2.69873417721519,-0.34716034568129506
6936,0.023898068255340466,-0.8436878088904026
6937,0.7825943320792197,1.1428552398502945
6944,0.3220069326487791,-0.38469691125772787
6947,0.5542552158557159,0.18437771763730826
6951,0.15138890220632661,-1.0521965909894881
6952,0.1986950849909157,-0.3682279383265043
6953,0.34496021030674506,1.1713535078807384
6955,0.2444028824467792,-0.5616642650016017
6958,-0.07460715336568724,-0.5961300832663486
6961,0.08195190831077004,0.255079913955498
6967,0.1922003716898042,0.6520139078412557
6968,0.13820668496207267,0.1685002881186668
6971,-0.09989523146937451,-0.9744356576532691
6982,0.18588475339099153,0.7113124120499515
6983,0.19975047104954924,-0.40690050242264564
6996,0.28590891787381545,1.4452199452728376
7402,0.06870977274529166,-0.08513343875337234
7547,0.185328660148804,-0.172336704435436
7556,0.20621178213023605,0.6065422693147776
7584,0.2589552933664987,0.12154360785550185
7610,7.1186545176623675,2.7990083333679388
7631,1.485576756759428,1.582040476807081
7714,0.6076864034589724,1.0532120101183702
7722,0.11898019726666487,-2.2003712057350544
7736,-0.23771285354951954,-1.6810804789062759
7747,0.21637987671060532,0.0568500431034402
7750,1.6763562384242832,3.3614830260960855
7767,1.3328757502832582,3.3301892311699985
8011,-0.256682971936825,-0.8918325983036967
8016,0.28209050952992,0.6328796610615337
8021,0.9684645303783661,2.01065203498837
8024,0.7544835414301929,3.2938444150772264
8027,0.5356830995644366,1.030151749089815
8028,0.31740897360374776,1.2569522421750035
8032,0.5211393919175971,1.9459083004769593
8033,0.2383830976660246,0.731769349254091
8034,-0.4031797175992984,-0.8243185282604137
8038,-0.384784697076863,-0.46040947312354685
8039,-0.08889199613318899,-0.6381818257624079
8040,0.43638957183281524,1.3447831939799815
8042,0.4310638490849399,1.0422746023519383
8043,0.5566801902087486,2.2457568670794292
8044,0.09962859218825426,-0.11340313933450843
8045,0.08842334604265312,-0.1460876911964709
8046,0.4669448880842815,1.6354436804795422
8047,1.9773638109617329,8.76647454734578
8048,0.5508125333321581,1.1442254612093916
8049,0.12446449497633849,0.37554996671727875
8050,0.7913821014403994,2.4311902560341094
8054,0.7251034440527324,1.4063306603813857
8059,0.15233101750482292,-0.20138742052024247
8064,-0.26936160662873143,-0.5011850899888468
8066,0.04924538783095023,-0.1634550045140888
8067,0.013320967877919143,0.4101100108083738
8068,1.2347201255962803,1.8000258869769972
8069,-0.08278864942847908,-0.44032989464087086
8070,0.34678189004568116,0.8783363618019255
8071,0.30713070892271954,0.06816210274572265
8072,0.15132721328862409,0.6270559567367167
8074,0.21756693065928756,0.9643889683917843
8076,0.6973874395216164,1.7829389216368716
8077,0.044680833593352176,-0.18764546704517648
8080,-0.510686564925569,-0.31201325597457286
8081,0.09299988733281972,-0.046966238125381546
8083,-0.017804717775484646,-0.420725974879814
8084,0.6043842947563423,1.2599483638017965
8085,-0.09300999657911746,-0.17389443178937214
8086,0.15605354578720654,-0.164440584137162
8087,0.5531220685998612,0.06241876556634623
8088,0.4085155010156305,0.7158962818855065
8089,-0.27453318258128623,-0.4248140153289165
8091,0.7600785412710411,1.6671822677252213
8092,-0.26015809721496075,-0.8839357387840512
8093,1.5978017740069417,4.596900115368487
8096,4.012189312276485,5.104997428256826
8097,1.9628677887703971,0.16942901189930115
8099,0.0845868224747166,0.31459811394045567
8101,-0.16122272534107063,-0.2325485566264159
8102,0.14548766589793516,0.2919012549767227
8103,0.43309008669246807,1.2212785675932578
8104,-0.3476685383994794,-1.1186559849791418
8105,-0.033857415881710096,-0.29297740505913006
8107,-0.3484875949230395,-0.6319197433985307
8109,0.4599203817238604,1.6398070842181613
8110,0.20061166219509197,0.7859176032123155
8111,-0.09503978683681058,-0.5569727895255386
8112,2.4252045655687775,4.461170432467205
8114,0.31772788371542027,0.381005044979653
8121,0.3023665927505452,0.5234653726833882
8131,0.381228602808797,1.5688995856900922
8147,0.5058129526716459,1.5060014978738219
8150,0.3794567827486566,2.2456750521773476
8155,0.3922084644134334,0.8241003740785117
8162,0.0234683408791847,-0.5467111513880849
8163,0.09284556958563783,0.1399377264143835
8171,3.648495297121533,3.000623506609146
8176,0.3369968723509982,0.8049720031666941
8182,0.10549751865471824,0.42861008939493855
8183,0.5846510573754773,1.465469828593775
8201,-0.1340734935562522,-0.23755343026254205
8210,0.5921830477587691,1.6369705895592999
8213,0.3343099584932472,1.4777451199344103
8215,0.09704686022691456,0.5521205511369766
8222,0.037870818430465025,-0.11542818268255188
8227,0.288850287508678,0.07456825892943034
8234,0.530994042559565,1.9394886203941981
8240,-0.09356303784590536,-0.5644956629373742
8249,0.16337591525725226,0.47688438232413355
8255,0.038852455516665385,-0.36533380366306806
8261,0.07294923493343641,0.1439938311510586
8271,1.804238958150861,3.2948627056753104
8272,-0.11033604649346185,-1.2756731693881262
8277,-0.6420173718128328,-1.0552370461437948
8279,0.04310990551923344,-0.5289164273285057
8284,0.1872007041079633,0.6036906387726322
8289,0.522025223907878,2.4011663946207786
8291,-0.2612330198537095,-0.1705548757172806
8299,3.505821866954955,6.0863434699975025
8341,0.09171560896868702,-0.23511496458588896
8342,0.01595143791181175,-0.1779440603399934
8349,0.14762032814573978,0.005146707278540165
8354,0.031075995481313567,0.42153132559879264
8358,0.5258989266412146,1.7194544544933204
8367,0.062335964371825314,-0.1592189042994028
8374,0.38358613257888563,0.32996914526982857
8383,1.1011958133328972,1.6291997650847163
8390,0.5534755522067285,1.275673559393451
8401,0.019764230658258164,-0.1498624885923262
8403,0.10596795266352066,0.06338767498873131
8409,0.0838994342631223,-0.12238021444553704
8410,-0.2783083443586857,-1.1829971041250176
8415,0.37139971216617784,1.048039515382892
8416,0.21053574899592808,0.6299639284965957
8421,0.3061509101585438,2.093900442382054
8422,0.7056014933690968,1.4584472837672164
8424,0.0009070759514808735,-0.4508971206623454
8431,-0.17418148262939903,-0.3233431897641686
8432,0.21343622030932674,0.4518244769272017
8433,0.038706290451953285,-0.09310122996947477
8435,0.16375810380605005,1.0879681299397763
8436,-0.08950175264814786,-0.8769294118893783
8438,0.44498943205414254,1.8473663762055967
8440,0.1445759184815898,0.8558449634592341
8443,-0.14637824306901204,-0.4872268276162564
8446,0.25510599993792105,0.641040480949425
8450,-0.25984873949579834,-0.9041549597001174
8454,0.06525083730325387,-0.6703189769345632
8462,0.18343506401292675,-0.13329373269707884
8463,-0.08699953176060726,-0.791818558489438
8464,0.15315520834599572,0.7413192702495169
8472,0.1578762010488841,0.43360975218513625
8473,0.21113329723615015,0.15510138960916361
8476,-0.35965157460117536,-0.5425417056981903
8477,0.09400521473053636,0.8004577484695523
8478,0.22060617491641743,-0.0555169773585697
8481,0.13804286083139683,0.6269232925223447
8487,1.321736583575643,1.071978859027287
8489,0.42470433344842773,1.0071141734165152
8905,0.17289303496370656,0.04812708286243994
8906,0.002455606291222656,0.050971699134321875
8908,0.14236901239905553,-0.07955725895971628
8916,0.14376513977696792,0.3443802857376112
8917,0.013429023939235618,-0.33741875767075313
8921,0.13555513313147505,1.0906631641278794
8923,0.20094859658349407,1.206110529297478
8924,-0.3562732770790181,-1.1325129447676074
8926,14.554590950793434,8.14934982557628
8927,0.36852000934443896,0.9758533499058135
8928,0.3910044007761875,1.030311459029598
8929,-0.0388338806921229,-0.30065521945478696
8930,-0.01842439463718004,-0.2705287577972023
8931,0.2356015469844257,0.9557766746624964
8932,0.054370998624809985,-0.18979259661209696
8933,0.49011138978375124,1.1361473681444578
8935,-0.2975065467380166,-0.7704388369077806
8936,0.1279641179172455,-0.1433833224800709
8937,8.565483188337645,4.920209440595692
8938,0.17872333052928657,0.4801749830917179
8940,0.015329186063151923,-0.18798085017992108
8941,0.19843365604690155,0.9387260702276852
8942,-0.0016788954327960903,-0.2784266236691618
8996,0.6994053738658923,1.3133501331713957
9902,-0.3020804742822638,-0.18380576497319817
9904,0.0015328655883157793,-0.22445504477036238
9905,0.4399474318568104,1.4573866156060014
9906,-0.3442120746734959,-0.1442225454174299
9907,-0.0598456062471715,-0.5813262659229013
9908,0.05017824433224538,0.4287607578125621
9910,-0.0189017905341321,-0.3883136563775784
9911,0.0773644838581431,0.00497325944929433
9912,0.08823581560283689,0.6265332104071255
9914,-0.09060034613110968,-0.7351988625753253
9917,0.03941645256145776,-0.18617954598398526
9918,0.07227344764777932,0.4514115003551269
9919,-0.030096028063424263,-0.23249759697039565
9921,0.10637167751203158,-0.058928534241126825
9924,0.00085730676756679,-0.18472460894991916
9925,0.03968564367381222,-0.0923625218205409
9926,-0.006842440417496487,-0.3008009345011668
9927,0.46822718651853523,1.2747726089316913
9928,0.11284137551696038,0.979910820829584
9929,0.21876958429078752,0.9321411209481443
9930,0.03342149642696812,-0.29110301085034634
9931,0.22216438244743575,0.7266347309987372
9933,-0.05258764478370426,-0.7272233505786824
9934,0.07063102704345847,-0.1413343370676439
9935,0.06997392062926311,0.24099510819288908
9937,0.10223767419594387,0.39920820711496857
9938,0.09884675105347518,-0.15223072160708712
9939,0.05908754122693827,-0.29504787514601455
9940,0.2950353350616144,0.301580999951684
9941,-6.745540815045192e-05,-0.29359077562231906
9942,0.1694887278029189,0.3791202827232117
9943,-0.019334892072745746,-0.09625976905223944
9944,0.14998471015649484,-0.12460681640220272
9945,0.22169420355450442,0.2174398875639472
9946,2.7700365487534264,-0.05798471228549483
9949,0.12041004157542279,0.5731781439176489
9950,-0.10632039938451465,-0.46769108288592354
9951,-0.023725830397804848,-0.6577846221870193
9955,0.07887533421233517,-0.02341521018266041
9958,0.8030622961727589,0.818279161175726
9960,-0.14030768068211152,-0.6198260913372219
9962,0.4851697379132438,0.8868294928754266
