code,name_en
1101,TCC
1102,ACC
1103,CHC
1104,UCC
1108,LUCKY CEMENT
1109,HsingTa
1110,SE CEMENT
1201,WEI CHUAN
1203,VE WONG
1210,GREATWALL
1213,OCEANIC Bev.
1215,CPE
1216,UNI-PRESIDENT
1217,AGV
1218,TAISUN
1219,FWUSOW
1220,TAIROUN
1225,FOPCO
1227,SFC
1229,LHIHC
1231,Lian Hwa Foods
1232,TTET
1233,Ten Ren
1234,HEY SONG
1235,ST
1236,Hunya
1240,Morn Sun Feed Mill
1256,Sunjuice
1259,An-Shin Food Services
1264,TEHMAG FOODS CORPORATION
1268,Hi-Lai Foods
1294,HTB
1295,SYNBIO
1301,FPC
1303,NPC
1304,USI
1305,CGPC
1307,SAN FANG
1308,APC
1309,TTC
1310,T.S.M.C.
1312,GPPC
1313,UPC
1314,CPDC
1315,TAH HSIN
1316,SUN  YAD
1319,TYG
1321,OPC
1323,YONYU
1324,GLOBE TAPE
1325,UK
1326,FCFC
1336,Taihan Precision Technology
1337,Asia Plastic
1338,Hiroca
1339,Y.C.C.
1340,VICTORY
1341,FULIN-KY
1342,CCI Yilan
1402,FENC
1409,SSFC
1410,NYDF
1413,H.C.
1414,TUNG HO
1416,KFIC
1417,CARNIVAL
1418,TongHwa
1419,SHINKO.TEXTILE
1423,REWARD WOOL
1432,TAROKO
1434,F.T.C
1435,C.F.CORP.
1436,HUA YU LIEN
1437,GTM
1438,SanDi
1439,ASCENT
1440,TAINAN SPINNING
1441,TAH TONG
1442,ADVANCETEK
1443,LILYTEXTILE
1444,LEALEA
1445,UNIVERSAL
1446,HONG HO
1447,LP
1449,CHIA HER
1451,NIEN HSING
1452,HONG YI
1453,TA  JIANG
1454,TTF
1455,ZIG SHENG
1456,I-HWA
1457,YI JINN
1459,LAN FA
1460,EVEREST
1463,CSG
1464,DE LICACY
1465,WISHER
1466,Acelon
1467,TEX-RAY
1468,CHANG HO
1470,EVERTEX
1471,SL
1472,TRIOCEAN
1473,TAINAN
1474,HONMYUE
1475,BIG SUNSHINE
1476,ECLAT
1477,Makalot
1503,SEEC
1504,TECO
1506,RIGHT WAY
1512,JL
1513,CHEM
1514,AEC
1515,REXON
1516,FALCON
1517,Lee Chi
1519,FE
1521,TA YIH
1522,TYC
1524,GORDON
1525,KSC
1526,SUNRACE
1527,BASSO
1528,ANDERSON
1529,LUXE
1530,AWEA
1531,KAULIN
1532,CMP
1533,MORE
1535,CEC
1536,HOTA
1537,KUNG LONG
1538,JF
1539,GT
1540,ROUNDTOP
1541,Chang Type
1558,ZENG HSING
1560,KINIK
1563,SAI
1565,ST SHINE OPTICAL
1568,T.Y.
1569,Bin Chuan Enterprise
1570,DE POAN PNEUMATIC CORP
1580,SINMAG EQUIPMENT CORPORATION
1582,SYNCMOLD
1583,GOODWAY
1584,S-Tech
1586,CHINA FINEBLANKING TECHNOLOGY C
1587,CM
1589,YGG
1590,AIRTAC
1593,Chi Hua Fitness
1595,CHIME BALL TECHNOLOGY CO LTD
1597,cpc
1598,Dyaco
1599,AEONTEK CO LTD
1603,CWCO
1604,SAMPO
1605,WALSIN
1608,HE
1609,TA YA
1611,CE
1612,HONG TAI
1614,Taiwan Sanyo
1615,Dah  San
1616,EVERTOP
1617,JSW
1618,HK
1623,TEWC
1626,AIRMATE
1702,NAMCHOW
1707,GKB
1708,SESODA
1709,FUCC
1710,OUCC
1711,EVERLIGHT
1712,SINON
1713,CCW
1714,HO TUNG
1717,ETERNAL
1718,CMFC
1720,S.C.P.C
1721,SUNKO
1722,TFC
1723,CSCC
1725,YJE
1726,Y.C.P.
1727,CHCIW
1730,FARCENT
1731,Maywufa
1732,Mao Bao
1733,ApexBio
1734,SINPHAR
1735,EMC
1736,JHT
1737,Taiyen
1742,TAIWAN WAX
1752,NANG KUANG
1760,PBF
1762,CCSB
1773,SHINY  CHEMICAL
1776,Headway
1777,SYN-TECH CHEM. & PHARM. CO
1780,ABC
1781,HEALTH & LIFE CO
1783,MBI
1784,BIONET CORP
1785,Solar Applied Materials Technology
1786,SVBI
1788,HI-CLEARANCE INC
1789,SPT
1795,Lotus Pharm
1796,GENEFERM BIOTECHNOLOGY CO LTD
1799,EASYWELL BIOMEDICAL INC
1802,TGI
1805,BLG
1806,CHAMPION
1808,RUN LONG
1809,China Glaze
1810,HCG
1813,POLYLITE TAIWAN CO. LTD.
1815,Fulltech Fiber Glass
1817,SANITAR
1903,Shihlin Paper
1904,Cheng Loong
1905,CHP
1906,Baolong Intl.
1907,YFY
1909,Longchen P&P
2002,CSC
2006,Tung Ho Steel
2007,YH
2008,KHC
2009,FCC
2010,CHUN YUAN STEEL
2012,CHUN YU
2013,CSSC
2014,CHUNG HUNG
2015,FH
2017,Quintain Steel
2020,MAYER PIPE
2022,TYCOONS
2023,YP
2024,CHIH LIEN
2025,CSSSC
2027,TC
2028,WEI CHIH
2029,SYSCO
2030,FROCH
2031,Hkssteel
2032,Sinkang
2033,CHIA TA
2034,YC
2035,TANG ENG IRON WORKS CO LTD
2038,HAIKWANG
2049,HIWIN
2059,king slide
2061,FENG CHING METAL CORPORATION
2062,SSM
2063,SHEH KAI PRECISION CO LTD
2064,CAMELLIA METAL CO LTD
2065,SHEH FUNG SCREWS CO LTD
2066,SUMEEKO INDUSTRIES
2067,CHIA YI STEEL CO LTD
2069,YC
2070,CHING CHAN OPTICAL TECHNOLOGY C
2072,CENE
2073,SSMC
2101,NK
2102,FEDERAL CORP
2103,TSRC
2104,CSRC
2105,CST
2106,KENDA
2107,FRG
2108,NANTEX
2109,HWA FONG
2114,HYC
2115,LU HAI
2201,YL
2204,CMC
2206,SYM
2207,HOTAI MOTOR
2208,CSBC
2211,EGST
2221,Tachia Yung Ho Machine Industry
2227,YNM
2228,IRF
2230,C.T.I. Traffic Industries
2231,CUB
2233,TURVO
2235,I YUAN PRECISION IND CO LTD
2236,Patec
2237,RAC
2239,Cayman Engley
2241,Amulaire
2243,HS
2247,PGUM
2248,eLAND
2250,IKKA-KY
2254,COPLUS
2258,Foxtron
2301,LTC
2302,RECTRON
2303,UMC
2305,MII
2308,DELTA
2312,KINPO
2313,COMPEQ
2314,MTI
2316,WUS
2317,HON HAI
2321,TECOM
2323,CMC
2324,Compal
2327,YAGEO
2328,PI
2329,OSE
2330,TSMC
2331,ECS
2332,D-LINK
2337,Macronix
2338,TMC
2340,TASC
2342,MVI
2344,WEC
2345,ACCTON
2347,Synnex
2348,Hiyes
2349,RITEK
2351,SDI
2352,Qisda
2353,ACER
2354,FTC
2355,CHIN-POON
2356,INVENTEC
2357,ASUSTEK
2359,SOLOMON
2360,CHROMA
2362,CLEVO CO.
2363,SiS
2364,Twinhead
2365,KYE
2367,UNITECH
2368,GCE
2369,LPI
2371,TATUNG COMPANY
2373,Aurora
2374,ABILITY
2375,KAIMEI
2376,GIGABYTE
2377,MSI
2379,RT
2380,AVISION
2382,QCI
2383,EMC
2385,CHICONY
2387,SUNREX
2388,VIA
2390,EVERSPRING
2392,FOXLINK
2393,EVERLIGHT
2395,Advantech
2397,DFI Inc.
2399,BIOSTAR
2401,SUNPLUS
2402,ICHIA
2404,UIS
2405,Shuttle
2406,GSC
2408,NTC
2409,AUO
2412,CHT
2413,UMEC
2414,UT
2415,CX TECH
2417,AVERMEDIA
2419,H.T.
2420,ZIPPY
2421,SUNON
2423,GW
2424,LUNG HWA
2425,CHAINTECH
2426,TYNTEK
2427,MDS
2428,THINKING
2429,PWT
2430,TKE
2431,LIEN CHANG
2432,AGT
2433,HUXEN
2434,MOSPEC
2436,Weltrend
2438,ENLIGHT
2439,MERRY
2440,SPACE SHUTTLE
2441,GTK
2442,JEAN
2444,AboCom
2449,KYEC
2450,SENAO
2451,Transcend
2453,SYSCOM
2454,MediaTek
2455,VPEC
2457,PHIHONG
2458,ELAN
2459,AUDIX
2460,GEM
2461,K LASER
2462,LINETEK
2464,Mirle
2465,LEADTEK
2466,COSMO
2467,C SUN
2468,FIS
2471,ARES
2472,LELON
2474,CATCHER
2476,GS
2477,MEILOON
2478,TA-I
2480,STARK
2481,PANJIT
2482,UIC
2483,ECE
2484,SIWARD
2485,ZINWELL
2486,I-CHIUN
2488,HANPIN
2489,AMTRAN
2491,FOCL
2492,WTC
2493,AMPOC
2495,Infortrend
2496,SPC
2497,E-LEAD
2498,HTC
2501,CATHAY RED
2504,GBM
2505,ky
2506,PCC
2509,CHAINQUI
2511,PHD
2514,LONG BON
2515,BES
2516,New Asia
2520,KINDOM
2524,KTC
2527,Hung Ching
2528,CROWELL
2530,DELPHA
2534,HSC
2535,DA-CIN
2536,Hong Pu
2537,WE & WIN
2538,KeeTai
2539,SAKURAD
2540,JSL
2542,Highwealth
2543,HWANG CHANG
2545,HUANG HSIANG
2546,KEDGE
2547,RADIUM
2548,HUAKU
2596,ReaLy Development & Construction
2597,REC
2601,FSC
2603,EMC
2605,SNC
2606,U-MING
2607,EITC
2608,Kerry TJ
2609,YMTC
2610,CAL
2611,TSI
2612,CMT
2613,CCTC
2614,EMIC
2615,WANHAI
2616,SLC
2617,TNC
2618,EVAAIR
2630,AACL
2633,THSRC
2634,AIDC
2636,T3EX
2637,WISDOM
2640,Taiwan Taxi
2641,Franbo Lines
2642,Pelican
2643,Soonest Express
2645,EGAT
2646,STARLUX AIR
2701,WANHWA
2702,HG
2704,AMBH
2705,LEOFOO
2706,FIRST HOTEL
2707,GFRT
2712,FGH
2718,Allmind
2719,TSG Star Travel
2722,Chateau
2723,Gourmet
2727,WOWPRIME
2729,TTFB
2731,Liontravel
2732,La Kaffa International
2734,Ezfly International Travel Agent
2736,HOYA Resort Hotel Group
2739,My Humble House
2740,Hua Hsuan Real Estate
2743,Richmond International Travel & Tours
2745,Life Travel & Tourist Service
2748,FDC
2751,KINGZA International
2752,Tofu Restaurant
2753,Bafang
2754,Kura Sushi Asia
2755,YoungQin International
2756,Lian Fa International Dining Business
2762,World Gym
2801,CHANG HWA BANK
2812,T.C.C.B.
2816,UNION INS.
2820,CBF
2832,TFMI
2834,TBB
2836,B.O.K
2838,UBOT
2845,FEIB
2849,EnTie Bank
2850,SK Insurance
2851,Central Re
2852,FIRST INS
2855,PSC
2867,Mercuries Life Insurance
2880,HNFHC
2881,Fubon Financial
2882,CATHAY FHC
2883,KGI Financial
2884,E.S.F.H
2885,Yuanta Group
2886,MEGA FHC
2887,TS Holdings
2889,IBF
2890,SINOPACHOLDINGS
2891,CTBC HOLDING
2892,FFHC
2897,O-Bank
2901,SHIN SHIN
2903,FEDS
2904,POCS
2905,MERCURIES
2906,Collins
2908,Test Rite
2910,TONLIN
2911,Les enphants
2912,PCSC
2913,TTC
2915,RUENTEX IND.LTD
2916,Munsin Garment
2923,Sino Horizon
2926,Eslite Spectrum
2929,TOPBI
2937,Gseven
2938,Bedding World
2939,Vitafoss-KY
2941,Mister International Enterprise
2945,Simple Mart
2947,Zhen Yu Hardware
2948,Bausen
2949,H.H.Galaxy
3002,AHOKU
3003,KST
3004,NAFCO
3005,Getac
3006,ESMT
3008,LARGAN
3010,WAH LEE
3011,JH
3013,UNEEC
3014,ITE
3015,FSP
3016,EPi
3017,AVC
3018,LUNG MING
3019,ASIA
3021,WELLTEND
3022,IEI
3023,SINBON
3024,ACTION
3025,LOOP
3026,HOLY STONE
3027,BILLION
3028,ZENITRON
3029,ZERO ONE
3030,TRI
3031,BRIGHT
3032,COMPUCASE
3033,Weikeng
3034,NOVATEK
3035,Faraday
3036,WT
3037,UNIMICRON
3038,EDT
3040,G.V.
3041,ALi
3042,TXC
3043,PCM
3044,Tripod
3045,TWM
3046,AOPEN
3047,EDIMAX
3048,EDOM
3049,HannsTouch
3050,U-TECH
3051,Optimax
3052,APEX
3054,LIWANLI
3055,Spirox Corp.
3056,Fu Hua
3057,Promise
3058,LEI
3059,Altek
3060,MIN AIK
3062,CyberTAN
3064,Astro
3066,Taiwan Oasis Technology
3067,PNC International
3071,Adda
3073,Teamphon Energy
3078,Channel Well Technology
3081,LandMark Optoelectronics
3083,Chinese Gamer International
3085,Newretail
3086,Wayi International Digital Entertainment
3088,Axiomtek
3090,NDB
3092,HOTRON
3093,Taiwan Kong King
3094,DAVICOM
3095,Chi Cheng Enterprise
3105,WIN SEMICONDUCTORS CORP
3114,Howteh Technology
3115,"Trust-Search Corp.,Ltd"
3118,LEVEL BIOTECHNOLOGY INC
3122,MEGAWIN TECHNOLOGY CO LTD
3128,Hi Sharp Intelligence Technology
3130,104
3131,GRAND PROCESS TECHNOLOGY CO
3135,Goldkey Tech.
3138,Auden
3141,ULTRA CHIP INC
3149,G-TECH
3150,SYNCOMM
3162,UNITED ALLOY TECH
3163,Browave
3164,GenMont
3167,TA LIANG
3168,DATA IMAGE
3169,ASIX ELECTRONICS CORPORATION LT
3171,Yem Chio Distribution
3176,MEDIGEN BIOTECHNOLOGY CORPORATI
3178,GONGIN PRECISION INDUSTRIAL CO
3188,Golden Long Teng Development
3189,KINSUS
3191,Yjn
3205,SAGITTARIUS LIFE SCIENCE CORP
3206,Kingstate Electronics
3207,Yao Sheng Electronic
3209,ALLTEK
3211,Dynapack International Technology
3213,Mildef Crete
3217,Argosy Research
3218,UNIVERSAL VISION BIOTECHNOLOGY
3219,Aethertek technology
3221,Tai-Saw Technology
3226,LFA CO LTD
3227,PIXART IMAGING
3228,RDC SEMICONDUCTOR CO
3229,CHEER TIME
3230,Jiin Ming Industry
3231,Wistron
3234,TrueLight
3236,ABC Taiwan Electronics
3252,Haiwan International Development
3257,CHAMPION
3259,SOLID STATE SYSTEM CO
3260,ADATA TECHNOLOGY CO. LTD.
3264,ARDENTEC CORPORATION
3265,WINSTEK SEMICONDUCTOR CO LTD
3266,SUNTY
3268,HIGHER WAY ELECTRONIC CO
3272,Good Way Technology
3276,T-Flex Techvest PCB
3284,Top High Image
3285,Microtips Technology
3287,Kworld Computer
3288,Silicon Touch Technology
3289,Integrated Service Technology
3290,Donpon Precision
3293,International Games System
3294,Megaforce
3296,POWERTECH
3297,Hunt Electronic
3303,Univacco Technology
3305,SHENMAO
3306,RoyalTek
3308,BESTEC
3310,Chialin Precision Industrial
3311,Silitech
3312,GMI
3313,Feei Cherng Develop Technology
3317,NIKO SEMICONDUCTOR CO
3321,UNIFLEX
3322,Joinsoon Electronics Manufacturing
3323,Celxpert Energy
3324,Auras Technology
3325,Casing Macron Technology
3332,Cincon Electronics
3338,TAISOL
3339,Tekcore
3346,Laster Tech
3349,Dexin
3354,Microcosm Technology
3356,GeoVision
3357,TAI-TECH Advanced Electronics
3362,Ability Opto-Electronics Technology
3363,FOCI Fiber Optic Communications
3372,TAIWAN IC PACKAGING CORPORATION
3373,Radiant Innovation
3374,XINTEC INC
3376,SZS
3379,TAIWAN BENEFIT CO
3380,Alpha
3388,Topco Technologies
3390,Sunflex Tech
3402,Wholetech System Hitech
3406,GSEO
3413,Fiti
3416,Winmate
3419,WHAYU
3430,CHITEC
3432,TAI TWUN
3434,ACULA Technology
3437,AOT
3438,ADVANCED ANALOG TECHNOLOGY INC
3441,Unique Opto-Electronics
3443,GUC
3447,XAVi
3450,ELASER
3455,Utechzone
3465,New Advanced Electronics Technologies
3466,Skardin Industrial
3467,Forcera
3479,Avalue Technology Incorporation
3481,INX
3483,Forcecon Technology
3484,Solteam Incorporation
3485,Eclat Forever Machinery
3489,Sun Brothers Development Co
3490,Single Well Industrial
3491,Universal Microwave Technology
3492,Advanced Connection Technology
3494,HiTi
3498,Usun Technology
3499,GlobalSat WorldCom
3501,Well Shin
3504,Young Optics
3508,Ways Technical
3511,Simula Technology
3512,Huang Long Development
3515,ASROCK
3516,ADO Optronics
3518,PT TECH.
3520,Jhen Vei Electronic
3521,TSG Development
3522,Toplus Global
3523,EFUN Technology
3526,Alltop Technology
3527,MACROBLOCK INC
3528,ANSTEK
3529,EMEMORY TECHNOLOGY INC.
3530,SOI
3531,Shian Yih Electronic Industry
3532,FST
3533,LOTES
3535,Favite
3537,Podak
3540,Thermaltake Technology
3541,Cypress Technology
3543,JOCHU
3545,FocalTech
3546,USERJOY Technology
3548,Jarllytec Co
3550,COPARTNER
3551,Shih Her Technologies
3552,Tung Thih Electronic
3555,IROC CO LTD
3556,EGALAX EMPIA TECHNOLOGY INC.
3557,JiaWei
3558,Senao Networks
3563,MACHVISION
3564,AEWIN Technologies
3567,ETREND HIGHTECH CORP
3576,URE
3577,ICP Das
3580,UVAT Technology
3581,ZEN VOCE CORPORATION
3583,Scientech
3587,Materials Analysis Technology
3588,LD
3591,EDISON OPTO
3592,Raydium
3593,Logah
3594,ARBOR Technology
3596,Arcadyan
3597,Avertronics
3605,ACES
3607,Coxon
3609,HEP Tech
3611,TSC Auto ID Technology
3615,AimCore Technology
3617,CyberPower
3622,YFO
3623,Transtouch Technology
3624,Viking Tech
3625,C-Tech United
3628,Ablerex Electronics
3629,Gravity
3630,Newmax Technology
3631,Chernan Metal Industrial
3632,Papago
3645,TMT
3646,ANT Precision Industry
3652,Unitech elec.
3653,JENTECH
3661,Alchip
3663,ThinTech Materials Technology
3664,Array
3665,BHI (BizLink)
3666,Optivision Technology
3669,AVer
3672,Connection Technology Systems
3673,TPK
3675,ERIS TECHNOLOGY CORP
3679,Nishoku
3680,Gudeng Precision Industrial
3684,Grand-Tek Technology
3685,TRADETOOL AUTO CO LTD
3686,Danen
3687,MacroWell OMG Digital Entertainment
3689,U.D. Electronic
3691,Giga Solar Materials
3693,AIC
3694,AzureWave
3701,FICG
3702,WPG
3703,CHC
3704,Zyxel Group
3705,Y.S.H.
3706,MHC
3707,Episil Technologies
3708,Swancor
3709,Trigold Holdings
3710,ACON Holding
3711,ASEH
3712,FITH
3713,Hsinjing
3714,ENNOSTAR
3715,Dynamic Holding
3716,Cenra Inc.
3717,EOI Holding
3718,CoreIntelligence
4102,YUNG ZIP CHEMICAL IND CO LTD
4104,EXCELSIOR
4105,TTY BIOPHARM COMPANY LIMITED
4106,WELLELL
4107,BIOTEQUE CORP
4108,PhytoHealth
4109,JIA JIE BIOMEDICAL CO LTD
4111,CHI SHENG PHARMA & BIOTECH CO L
4113,We & Win Diversification
4114,SYNMOSA BIOPHARMA CORP
4116,BENQ MEDICAL TECHNOLOGY CORPORA
4119,SCI
4120,ORIENT EUROPHARMA CO
4121,ROSSMAX INTERNATIONAL
4123,CENTER LABORATORIES INC
4126,PACIFIC HOSPITAL SUPPLY CO
4127,TIEN LIANG BIOTECH CO LTD
4128,MICROBIO CO LTD
4129,UNITED ORTHOPEDIC CORPORATION
4131,NEOCORE TECHNOLOGY CO LTD
4133,Abnova
4137,CHLITINA-KY
4138,DYNAMIC MEDICAL TECHNOLOGIES IN
4142,ADIM
4147,TAIMED BIOLOGICS INC.
4148,ACBT
4153,DIVA LABORATORIES LTD
4155,OK BIOTECH
4160,GENETICS GENERATION ADVANCEMENT
4161,BIOPTIK TECH INC
4162,PHARMAENGINE INC
4163,INTAI TECHNOLOGY CORP
4164,CHC
4166,OP
4167,SAVIOR LIFETEC CORPORATION
4168,GLYCONEX INCORPORATION
4169,TCM
4171,GeneReach Biotechnology
4173,ARICH ENTERPRISE CO. LTD.
4174,OBI PHARMA INC
4175,MEDFIRST HEALTHCARE SERVICES IN
4178,StemCyte
4183,EPS BIO TECHNOLOGY CORP
4188,AMCAD BIOMED CORPORATION
4190,JDS
4192,SYNCORE BIOTECHNOL
4195,Genomics
4198,S&S HEALTHCARE HOLDING LTD
4205,CHUNG HWA FOOD INDUSTRIAL CO LT
4207,TAIWAN FRUCTOSE CO
4303,HSIN LI CHEMICAL
4304,SUNVIC TECHNOLOGY CO. LTD.
4305,SHIH-KUEN PLASTICS
4306,YC
4401,TOUNG LOONG TEXTILE MFG CO
4402,JD DEVELOPMENT CO LTD
4406,HSIN SIN TEXTILE CO
4413,EST GLOBAL APPAREL CO LTD
4414,ROO HSING
4416,Shanyuan
4417,KING CHOU MARINE TECHNOLOGY CO
4419,King House
4420,KWANG MING SILK MILL CO
4426,LI CHENG
4430,Yao I Fabric
4432,HAKERS ENTERPRISE CO LTD
4433,SINGTEX INDUSTRIAL CO LTD
4438,QVE
4439,TST Group
4440,Yi Shin
4441,GGF
4502,JIAN SIN INDUSTRIAL CO LTD
4503,GOLD RAIN ENTERPRISE CORP
4506,GOLDEN FRIENDS CO
4510,KAO FONG MACHINERY CO
4513,FALCON MACHINE TOOLS
4523,EVERBRITE TECH CO LTD
4526,TONGTAI
4527,KLUEN LING MACHINERY REFRIGERAT
4528,CHIAN HSING FORGING INDUSTRIAL
4529,Electric Power Technology
4530,Tianyi Water Energy Solutions
4532,RECHI
4533,SHIEH YIH MACHINERY INDUSTRY CO
4534,TRINITY PRECISION TECHNOLOGY CO
4535,FINE BLANKING & TOOL CO LTD
4536,TOPKEY
4538,WINSON MACHINERY CASTING CO LTD
4540,TBI MOTION
4541,Magnate Technology
4542,Asia Neo Tech Industrial
4543,MAN ZAI INDUSTRIAL CO LTD
4545,MAP
4549,FINETEK CO LTD(TW)
4550,CHANG JIA M&E ENGINEERING CORP
4551,GLOBAL PMX
4552,Lida
4554,Orange Electronic
4555,CHELIC
4556,Bright Sheland International
4557,Yusin
4558,Alformer
4560,STRONG H
4561,KENTURN NANOTECH CO LTD
4562,YHT
4563,QUASER MACHINE TOOLS INC
4564,MOSA
4566,GLOBAL TEK
4568,KOGE MICRO TECH CO LTD
4569,Sixxon
4571,KHGEARS
4572,DPI
4576,HMC
4577,Ofuna Technology
4580,VALUE VALVES CO LTD
4581,WKG
4582,HENGS
4583,APEXDYNA
4584,JUFAN
4585,TRI
4588,Arch Meter
4590,FUKUTA
4609,Airlux Electrical
4702,Allied Industrial
4706,TAH KONG CHEMICAL IND CORP
4707,PAN ASIA CHEMICAL CORP
4711,YONG SHUN CHEMICAL
4714,U-BEST INNOVATIVE TECHNOLOGY CO
4716,DAILY POLYMER CORP
4720,TEX YEAR
4721,MECHEMA CHEMICALS INTL CORPN
4722,QPC
4726,MYCENAX BIOTECH INC.
4728,SUNMAX BIOTECHNOLOGY CO LTD
4729,Mildex Optical
4735,AVITA CORPORATION
4736,TaiDoc
4737,BIONIME
4739,COREMAX
4741,JETBEST CORPORATION
4743,ONENESS BIOTECH CO LTD
4744,CVC TECHNOLOGIES INC
4746,FRMSL
4747,JOHNSON CHEMICAL PHARMACEUTICAL
4749,Advanced Echem Materials
4754,INTERNATIONAL CARBIDE TECHCO LT
4755,SAN FU
4760,Ample Electronic Technology
4763,ACE
4764,DBC
4766,NAN PAO
4767,CHERNG TAY TECHNOLOGY CO LTD
4768,INGENTEC
4770,ASC
4771,VF
4772,TSC
4806,Kuei Tien Cultural & Creative Entertainment
4807,RH
4903,United Fiber Optic Communication
4904,Far EasTone
4905,TAINET COMMUNICATIONS SYSTEM CO
4906,GEMTEK
4907,Fu Yu Property
4908,APAC Opto Electronics
4909,New Era Electronics
4911,G&E HERBAL BIOTECHNOLOGY CO. LT
4912,Lemtech-KY
4915,Primax
4916,PARPRO
4919,NTC
4923,Force MOS Technology
4927,Apex
4930,Star  Comgistic
4931,STL Technology
4933,Ubright Optronics
4934,Tainergy
4935,GLT
4938,Pegatron
4939,Asia Electronic Material
4942,Chia Chang
4943,CONCRAFT
4946,Cayenne Entertainment Technology
4949,WIN WIN
4950,GOLDEN WIN INTERNATIONAL CORP
4951,Feature Integration Technology
4952,Generalplus
4956,Epileds
4958,ZDT
4960,CMMT
4961,FITIPOWER
4967,TEAM
4968,Richwave
4972,Tons Lightology
4973,Silicon Power Computer & Communications
4974,Asia Tech Image
4976,Calin
4977,PCL
4979,LuxNet
4989,LCYT
4994,X-LEGEND
4995,Litemax Electronics
4999,Sinher
5007,SAN SHING
5009,GLORIA MATERIAL TECHNOLOGY CORP
5011,OFCO INDUSTRIAL CORPORATION
5013,NEW BEST WIRE INDUSTRIAL CO
5014,CHAIN CHON INDUSTRIAL CO
5015,RODEX FASTENERS CORP
5016,SONG HO INDUSTRIAL CO
5203,CyberLink
5205,Taiwan Green Environment Technology
5206,Kunyue Development
5209,CTCI Advanced Systems
5213,YeaShin International Development
5215,KO JA
5220,Higgstec
5222,TRANSCOM
5225,EASTECH
5228,Max Echo Technology
5230,Ledlink Optics
5234,DAXIN
5236,SunplusIT
5243,ESON
5244,BRIGHTEK
5245,WiseChip Semiconductor
5251,JSW Pacific
5258,Castles
5263,Brogent Technologies
5269,Asmedia
5272,AMICCOM Electronics
5274,ASPEED Technology
5278,Sunfun Info
5283,Heran
5284,jpp
5285,Jih Lin
5287,ADDCN Technology
5288,Eurocharm
5289,Innodisk
5291,EISO Enterprise
5292,DTECH
5299,Excelliance MOS
5301,CJW International
5302,Syntek Semiconductor
5306,KMC
5309,Sysgration
5312,FORMOSA OPTICAL TECHNOLOGY CO L
5314,Myson Century
5315,United Radiant Technology
5321,United Recommend International
5324,Shihlin Development
5328,Hua Jung Components
5340,Baotek Industrial Materials
5344,Vate Technology
5345,Fullhome Development
5347,Vanguard International Semiconductor
5348,Empower Technology
5351,Etron Technology
5353,Tailyn Technologies
5355,Gia Tzoong Enterprise
5356,Sirtec International
5364,Lealea Hotels & Resorts
5371,Coretronic
5381,SPECTRUM ELECTRICS CORPORATION
5386,Albatron Technology
5388,Sercomm
5392,Abico AVY
5398,Mediera
5425,Taiwan Semiconductor
5426,Cheng Fwa Industrial
5432,Solomon Data International
5434,TOPCO
5438,Teco Image Systems
5439,First Hi-tec Enterprise
5443,Gallant Precision Machining
5450,Nam Liong Global
5452,UNIC Technology
5455,Sheng Yi Development
5457,Speed Tech
5460,Mustang Industrial
5464,Lin Horn Technology
5465,Loyalty Founder Enterprise
5468,TM Technology
5469,HSB
5471,SONIX
5474,Yuan High-Tech Development
5475,Glotech Industrial
5478,Soft-World International
5481,Sino Tactful
5483,Sino-American Silicon Products
5484,EverFocus
5487,Tontek Design Technology
5488,Sunf Pu Technology
5489,DynaColor
5490,XAC Automation
5493,Sanlien Technology
5498,Key Ware Electronics
5508,Yungshin Construction & Development
5511,Te Chang Construction
5512,Rich Development
5514,Sunfon Construction
5515,CHIEN KUO
5516,Sun-Sea Construction
5519,LD
5520,Lih Tai Construction Enterprise
5521,KSECO
5522,Farglory
5523,Fong-Chien Construction
5525,SWEETEN
5529,MEGA International Development
5530,Lungyen Life Service
5531,Shining
5533,FOUNDING
5534,CHONG HONG
5536,Acter Group
5538,TONG MING
5546,YGI
5547,Jioushun Construction
5548,Ancang Construction
5601,Taiwan Allied Container Terminal
5603,Sea & Land Integrated
5604,Chung Lien
5607,Farglory FTZ
5608,S. W.
5609,Dimerco Express
5701,Janfusun Fancyworld
5703,The Landis Taipei Hotel
5704,Hotel Royal Chihpen
5706,PHX TOUR
5864,Concord International Securities
5871,Chailease
5876,SCSB
5878,Taiming Assurance Broker
5880,TCFHC
5902,Tait Marketing & Distribution
5903,Taiwan FamilyMart
5904,POYA International
5905,Nan Ren Lake Leisure Amusement
5906,TAINAN CAYMAN
5907,GORG
6005,CSC
6015,Horizon Securities
6016,Concord Securities
6020,Tachan Securities
6021,Good Finance Securities
6023,Yuanta Futures
6024,CFC
6026,Grand Fortune Securities
6028,Golden Insurance Brokers
6101,Kwan's International
6103,Avid Electronics
6104,Genesys Logic
6108,APCB INC.
6109,Atech OEM
6111,Star Fusion Group
6112,Metaage
6114,Juic International
6115,I-SHENG
6116,Hannstar
6117,IN WIN
6120,DARWIN
6121,Simplo Technology
6122,KING POLYTECHNIC ENGINEERING
6124,Yeh Chiang Technology
6125,KENMEC MECHANICAL ENGINEERING
6126,Singatron Enterprise
6127,LEATEC Fine Ceramics
6128,GPI
6129,Princeton Technology
6130,SHANGYA TECHNOLOGY CO LTD
6133,GBE
6134,Wanshih Electronic
6136,FTC
6138,Anpec Electronics
6139,L & K
6141,PLOTECH
6142,CAMEO
6143,Netronix
6144,"Deltamac(Taiwan)Co.,Ltd"
6146,Sporton International
6147,Chipbond Technology
6148,Azion
6150,TUL
6151,Ginar Technology
6152,PRIME
6153,Career Tech.
6155,KC
6156,Song Shang Electronics
6158,P-Two Industries
6160,Cipherlab
6161,Jetway Information
6163,HwaCom Systems
6164,LEDTECH
6165,Lang
6166,ADLINK
6167,Powertip Technology
6168,HARVATEK CORPOR
6169,InterServ International
6170,Welldone
6171,Tacheng Real Estate
6173,Prosperity Dielectrics
6174,Aker Technology
6175,Liton Technology
6176,ROEC
6177,"DA-LI CO.,LTD."
6179,ATE Energy International
6180,Gamania Digital Entertainment
6182,Wafer Works
6183,TRADE-VAN
6184,Dafeng TV Ltd.
6185,Plastron Precision
6186,Shin Ruenn development
6187,All Ring Tech
6188,Quanta Storage
6189,Promate
6190,Wonderful Hi-tech
6191,GBM
6192,LUMAX
6194,Yufo Electronics
6195,Scan-D
6196,MIC
6197,JPC
6198,Rich Circle Development
6199,TienPin United Enterprise
6201,YAHORNG
6202,HOLTEK
6203,Sea Sonic Electronics
6204,Taiwan Alpha Electronic
6205,COXOC
6206,FLYTECH
6207,Laser Tek Taiwan
6208,Highlight Tech
6209,KINKO
6210,Kintech Electronics
6212,Li Ming Development Construction
6213,ITEQ
6214,SYSTEX
6215,Aurotek
6216,DrayTek Corp.
6217,C.C.P. Contact Probes
6218,Hauman Technologies
6219,Full Wang International Development
6220,YFC-Boneagle Electric
6221,Genesis Technology
6222,Li Hsuan Development & Construction
6223,MPI
6224,PTTC.
6225,aiPlex
6226,Para Light
6228,Pacific Image Electronics
6229,V-TAC Technology
6230,NCCI
6231,Insyde Software
6233,Prolific Technology
6234,Tera Autotech
6235,Waffer
6236,Neith
6237,C-Media Electronics
6239,PTI
6240,Sung Gang Corp.Limited
6241,Amigo Technology
6242,LI KANG BIOMEDICAL CO LTD
6243,ENE
6244,Motech Industries
6245,Lanner Electronics
6246,Taiwan Thick-Film Ind
6248,TMP STEEL CORPORATION
6257,SIGURD
6259,Bull Will
6261,Youngtek Electronics
6263,Planet Technology
6264,Kingland Property
6266,Top Union Electronics
6269,FLEXIUM
6271,THEIL
6272,WIESON
6274,Taiwan Union Technology
6275,Yen Sun Technology
6276,Antec
6277,ATEN
6278,TSMT
6279,Hu Lane Associate
6281,E-LIFE
6282,Acbel
6283,SOE
6284,INPAQ Technology
6285,WNC
6290,Longwell
6291,Analog Integrations
6294,Tekom Technologies
6405,ONANO
6409,VOLTRONIC
6411,Amazing Microelectronic
6412,Chicony Power
6414,ENNOCONN
6415,Silergy
6416,CASWELL
6417,Securitag Assembly Group
6419,NUUO
6423,Yield Microelectronics
6425,EASY FIELD CORPORATION
6426,APOGEE
6431,KL
6435,Sinopower Semiconductor
6438,SAA
6441,iBase Solution
6442,EZconn
6443,TSEC
6446,PEC
6449,APAQ
6451,ShunSin
6456,GIS
6461,INTECH BIOPHARM LTD
6462,Egis Technology
6464,top MSO
6465,ATrack Technology
6469,GREAT TREE PHARMACY CO LTD
6470,U-MEDIA Communications
6472,Bora
6477,Anji
6482,Fun Yours Technology
6485,ASolid Technology
6486,Interactive Digital Technologies
6488,GlobalWafers
6491,PEGAVISION
6492,SENHWA BIOSCIENCES INC
6494,Nyquest Technology
6496,EXCELSIOR BIOPHARMA INC
6498,Powertip Image
6499,MEDEON BIODESIGN INC
6504,NAN LIU
6505,FPCC
6506,SHUANG-BANG INDUSTRIAL CORP
6508,Huikwang
6509,TAIWAN HOPAX CHEMS.MFG.CO
6510,Chunghwa Precision Test Tech
6512,GoMax Electronics
6515,WinWay
6516,Kingwaytek Technology
6517,BASO Precision Optics
6523,DR.WU SKINCARE CO LTD
6525,GEM
6526,Airoha
6527,CRYSTALVUE MEDICAL CO LTD
6530,Axcen Photonics
6531,AP Memory
6532,Calitech
6533,ANDES
6534,CHBIO
6535,LUMOSA THERAPEUTICS CO LTD
6541,Tanvex
6542,Gamesparcs
6546,AMPAK Technology
6547,MEDIGEN VACCINE BIOLOGICS CORPO
6548,Chang Wah Technology
6550,PG
6552,JMC
6556,Topview Optronics
6558,SYNergy
6560,Appro Photoelectron
6561,Chief Telecom
6568,Rafael Microelectronics
6569,ONYX HEALTHCARE INC
6570,Aplex Technology
6573,HY
6574,MIKOBEAUTE INTERNATIONAL CO LTD
6576,FORESEE PHARMACEUTICALS CO LTD
6577,Promate Solutions
6578,DaBomb Protein Biotech
6579,AAEON
6581,TSU
6582,Shin Foong
6585,DingZing
6588,East Tender Optoelectronics
6589,EirGenix
6590,Provision Information
6591,SUN MAX
6592,HOTAI FINANCE
6593,Taiwan Numerical Powers
6596,Kuang Hong Arts Management Incorporation
6598,Applied BioCode
6603,FU CHUN SHIN MACHINERY MANUFACT
6605,DEPO
6606,KENT
6609,TAIWAN TAKISAWA TECHNOLOGY CO
6612,ICARES MEDICUS INC
6613,Nova Technology
6614,IISI
6615,SOFIVA GENOMICS CO LTD
6620,Handa Pharma
6624,Ever-Clear Environmental Eng
6625,Binlive
6637,MIC
6640,Gallant Micro. Machining
6641,GSD-KY
6643,M31 Technology
6645,KIM FOREST
6649,TAIWAN BIOMATERIAL CO LTD
6651,Cystech Electronics
6654,Tian Zheng International Precision Machinery
6655,KD
6657,ENERGENESIS
6658,SynPower
6661,WELGENE BIOTECH CO LTD
6662,BIOLASCO TAIWAN CO LTD
6666,LLF-KY
6667,Trusval Technology
6668,Zhong Yang
6669,Wiwynn
6670,FSP
6671,San Neng-KY
6672,Ventec
6674,CBN
6679,Zilltek Technology
6680,Sintrones Technology
6683,Keystone Microtech
6684,Algoltek
6689,ECV
6690,Acer Cyber Security
6691,YANKEY
6692,Acmepoint Energy Services
6693,Inergy Technology
6695,iCatchtek
6697,Information Technology Total Services
6698,FINEMAT
6703,SHINY BRANDS GROUP CO LTD
6706,FitTech
6708,Mars Semiconductor
6712,EVER SUPREME BIO TECHNOLOGY CO
6715,Lintes
6716,PADAUK Technology
6719,uPI
6720,Major-Power Technology
6721,Sincere Security
6722,Whetron
6725,Cica-Huntek Chemical Technology Taiwan
6728,Up Young Cornerstone
6730,LAGIS
6732,Sensortek Technology
6733,BIOGEND THERAPEUTICS CO LTD
6735,AMIDA Technology
6739,Grade Upon Technology
6742,Vti
6743,AMPACS
6751,Acer Synergy Tech
6752,Galaxy Software Services
6753,LUNGTEH
6754,Rich Honour
6756,VLI
6757,TTW
6762,DELTA ASIA INTERNATIONAL CORPOR
6763,Green World Fintech Service
6767,WILTROM CO LTD
6768,SPG-KY
6770,PSMC
6771,PHET
6776,Weblink
6781,AES-KY
6782,VISCO
6785,Alar
6788,Brillian Network & Automation Integrated System
6789,VisEra
6790,YFYCPG
6791,Taiwan Auto-Design Co
6792,Unictron
6794,UnicoCell
6796,MiiS
6799,M3TEK
6803,ECOVE Environment
6804,Axman Enterprise
6805,Fositek
6807,FY-KY
6811,Acer E-Enabling Service Business
6823,Greenfiltec
6829,ChenFull Precision
6830,MSS
6831,MICROLOOPS
6834,EVEROHMS
6835,CMI
6838,FRMSP
6840,BTL
6841,EFAI
6843,JDV
6844,NORBEL
6846,GREENYN
6854,PlayNitride
6855,Eclatorq Technology
6856,SHINE TREND International Multimedia Technology
6859,Best Precision Industrial
6861,INCX
6862,TRIO-KY
6863,Arizon RFID
6865,WebComm Technology
6869,J&V Energy
6870,Turn Cloud Technology Service
6872,NaviFUS
6873,HDRE
6874,M-POWER INFORMATION
6875,PBI
6877,Hye Technology
6881,Ruentex Interior Design
6884,Highpoint Service Network
6885,BRIM
6887,BORETECH-KY
6890,Lai Yih
6894,Waste Recovery Technology
6895,Wave Power Technology
6899,Apex Material Technology
6901,DIAMOND BIOFUND
6902,Gogolook
6903,Jiu Han System Technology
6904,Proxene Tools
6906,Groundhog
6908,AGM
6909,tCt
6910,Grandsys
6914,PSS
6916,WINSTAR
6918,A Plus Biotech
6919,Caliway
6921,LeRain
6922,Neousys Technology
6923,ctrt
6924,EIKEI-KY
6925,eLand Information
6928,UTI
6929,We Can
6931,Qing Song
6933,AMAX
6934,HCMED
6936,Vetnostrum
6937,Skytech
6944,Mega Union
6945,APBio
6947,Techzone
6949,PELL BMT
6951,CHIN HSIN
6952,DWS
6953,Gudeng Equipment
6955,BONRAYBIO
6957,Horizon
6958,INFINITE
6961,Uni Travel Services
6962,ITH-KY
6965,CJ
6968,Wonder Pets Enterprises
6969,Transcene
6971,Hui Min Environmental Tech
6982,WALRUS PUMP
6983,HUA YANG Precision Machinery
6986,HEXUN
6988,WELLYSUN
6994,FWP
6996,Forcelead Technology
6997,Nextlink Technology Co
7402,Brinno Incorporated
7547,Intumit
7556,Yeedex Electronic
7584,Happytuk
7610,LIANYOU METALS
7631,GENIIDEAS
7642,Champ Ray
7689,CLIMAX
7703,Rayzher Industrial
7704,Finesse Technology
7705,Mercuries F&B
7708,Family International Gourmet
7709,Honor
7711,ASROCK RACK
7712,Potens Semiconductor
7713,WeLeader
7714,Uniforce Technology
7715,Yuh Shan Environmental Engineering
7716,ITI International Transportation
7718,SPEC
7721,MICROPROGRAM
7722,LINEPAY
7723,Jhu Jian Catering
7728,Enli Technology
7730,NEMS
7732,KING SHING
7734,AblePrint Technology
7736,HUSHAN
7738,Eastern Union Interactive
7740,SEETEL
7743,KFS
7747,GrandTech Cloud Services
7749,iGo-KY
7750,Syntec
7751,Horng Terng Automation
7753,Star Asia Vision
7757,Lebledor F&B
7760,ENJOY
7765,CHT Security
7767,High Performance Information
7768,PVI
7769,HON
7770,ZEITEC Semiconductor
7772,Morrison Opto Electronics
7777,ABICO Asia Capital
7780,DAIKEN
7782,Speeding Rocket
7786,DFO
7788,SONG CHUAN
7791,LUCKY ROYAL
7792,Am-Power Machine International Enterprise
7794,Acerpure
7795,EPM
7799,HNMC
7803,aetherAI
7805,QNAP Systems
7810,Jtron Technology
7811,Minson Integration
7812,TMYTEK
7814,HORIEN
7818,KEMFLO
7819,Systex Fintech
7820,Liying Environmental Protection Technology
7821,MDT
7822,V5 TECHNOLOGIES
7823,CyCraft-KY
7825,New Smart Technology
7827,Hanchor-KY
7828,Innostar Service
7835,H2U
7839,Pro360
7842,Greenet
7855,HLC
7856,Hermes Testing Solutions
8011,TTCC
8016,Sitronix
8021,Topoint
8024,Alpha Microelectronics
8027,E&R ENGINEERING CORPORATION
8028,PSI
8033,TT
8034,OPNET Technologies
8039,TAIFLEX
8040,IC Plus
8044,PChome Online
8045,TWOWAY
8046,N.P.C
8047,Great Computer
8048,Ruby Tech
8049,Ampire
8050,IBASE Technology
8054,"Alcor Micro,Corp"
8059,CastleNet Technology
8064,Contrel Technology
8066,Lifestyle Global Enterprise
8069,E Ink Holdings
8070,CHANG WAH
8072,AV TECH
8076,Firich Enterprises
8077,Green World Hotels
8080,TerraLink Enterprise
8081,GMT
8083,PRO-HAWK CORP
8085,Forward Electronics
8086,Advanced Wireless Semiconductor
8087,LeadSun Greentech
8088,Panram International
8089,Comtrend
8091,Feedback Technology
8092,Chien Wei Precise Technology
8097,ATW Technology
8099,Tatung System Technologies
8101,Arima Comm.
8102,Jeilin Technology
8103,CviLux
8104,RiTdisplay
8105,GiantPlus
8107,TAYIH KENMOS AUTO PARTS CO LTD
8110,WALTON
8111,Ligitek Electronics
8112,Supreme
8114,POSIFLEX
8131,FATC
8150,ChipMOS
8162,MSEC
8163,DARFON
8171,Formosa Electronic Industries
8176,Z-Com
8183,Info-Tek
8201,BESTA
8210,CHENBRO
8213,tpt
8215,BMC
8222,Aero Win
8227,Progate Group
8234,NEXCOM International
8240,Wah Hong Industrial
8249,CSI
8255,ACTRON TECHNOLOGY CORP
8261,APEC
8271,Apacer
8272,Changing Information Technology
8277,Unifosa
8279,SYNGEN BIOTECH CO LTD
8284,Mitake Information
8299,Phison Electronics
8341,SF
8342,I Jang Industrial
8349,QST INTERNATIONAL CORP
8354,Koan Hao Technology
8367,CS
8374,ACE PILLAR
8383,Chen Full International
8390,Jiin Yeeh Ding Enterprises
8401,Bai Sha Technology
8403,SHAREHOPE MEDICINE CO LTD
8404,PAIHO  SHIH
8409,EBM TECHNOLOGIES INCORPORATED
8410,Sentien Printing Factory
8411,KINGCAN
8415,BRIGHTON-BEST INTERNATION (TAIW
8416,Solidwizard Technology
8421,Xu Yuan Packaging Technology
8422,Cleanaway
8424,Wellpool
8429,Jinli
8431,Superior Plating Technology
8432,TSH BIOPHARM CORPORATION LIMITE
8435,Zimmite Taiwan
8436,TCI CO LTD
8438,AMIA
8440,"E&E Recycling,Inc"
8442,WW
8443,ASO
8446,HIM International Music
8450,Pili International Multimedia
8454,momo
8462,Power Wind
8463,RTM
8464,Nien Made
8466,M.J.
8467,BONNY
8472,Navicare Biotech
8473,FOREST WATER
8476,TESC
8477,Xxtechec
8478,Ocean Alexander
8481,Transart
8482,Shane Global
8487,ELTA
8488,JYPKG
8489,Samebest
8499,TOP BRIGHT
8905,Eagle Cold Storage Enterprise
8906,Forward Graphic Enterprise
8908,ShinHsiung Natural Gas
8916,Kwong Lung Enterprise
8917,Hsin Tai Gas
8921,Shen's Art Printing
8923,China Times Publishing Comp
8924,O-TA Precision Industry
8926,TCC
8927,North-Star International
8928,Dynamic Precision Industry
8929,Fu Burg Industrial
8930,CKM APPLIED MATERIALS CORP
8931,Ta-Yuan Cogeneration
8932,Wiselink
8933,Ideal Bike
8935,Pontex Polyblend
8936,Kuo Toong International
8937,Her Chee Industrial
8938,Advanced International Multitech
8940,New Palace
8942,Xxentria Technology Materials
8996,KAORI
9103,MEDTECS
910322,Tingyi
9105,CCET
910861,DCH
9110,VMEP Holdings
911608,BH Global
911622,TYCN
911868,Neo-Neon
912000,SIM TECH
9136,Ju Teng
9802,Fulgent Sun
9902,TIDEHOLD
9904,PCC
9905,GCM
9906,HSIN BA BA
9907,TON YI
9908,GTG
9910,FT
9911,TAIWAN SAKURA
9912,AIC
9914,MIC
9917,TAIWAN SECOM
9918,S.S.N.G
9919,KNH
9921,GIANT
9924,TAIWAN FU HSING
9925,SKS
9926,S.H.
9927,TMI
9928,CTV
9929,CHOICE
9930,CHC
9931,HSIN KAO
9933,CTCI
9934,GUIC
9935,CF
9937,NPC
9938,TAIWAN PAIHO
9939,HON CHUAN
9940,Sinyi
9941,TAC
9942,MAO SHUN
9943,HOLIDAY
9944,Shinih
9945,RUENTEX DEVELOP
9946,SANFAR
9949,Tittot
9950,EMINENT LUGGAGE CORPORATION
9951,MACAUTO INDUSTRIAL CO
9955,SDTI
9958,CIS
9960,Dacome International
9962,YEOU YIH STEEL CO LTD
