,C,M,yoy_tw_revenue,yoy_PCU335311335311,yoy_PCU335313335313,yoy_PCU333611333611,decision,ruleA,ruleB,ruleM
2005-12-01,0.34431332446521945,,,0.09654272667971275,0.0407503234152653,0.006393861892583175,2006-01-16,False,True,True
2006-01-01,0.7033105394421559,,,0.09677419354838701,0.030973451327433565,0.021072796934866078,2006-02-16,False,True,True
2006-02-01,0.6146650129562069,,,0.0950545921644188,0.0436432637571158,0.014030612244897878,2006-03-16,False,True,True
2006-03-01,0.31416144427008624,-0.030151880195133207,0.12017131778526102,0.08975979772439957,0.03502188868042522,0.010841836734693855,2006-04-16,False,True,False
2006-04-01,0.22636821553307537,-0.47694232390908053,0.2194220127570703,0.09691629955947145,0.027898326100433968,0.010158730158730034,2006-05-16,False,True,False
2006-05-01,0.20936037426813944,-0.40530463868806743,0.1287228121360986,0.10195091252359978,0.03370786516853941,0.0063131313131312705,2006-06-16,False,True,False
2006-06-01,0.8081949857325762,0.49403354146248996,0.08118583733430151,0.15681393901680152,0.02458512599877083,0.015802781289506962,2006-07-16,True,True,True
2006-07-01,2.017298649226994,1.790930433693919,0.00990824360549536,0.1707014276846679,0.04200626959247633,0.0480207657365348,2006-08-16,True,True,True
2006-08-01,1.9926081684561332,1.7832477941879938,-0.03077442411559239,0.18610421836228297,0.05500000000000016,0.04387096774193555,2006-09-16,True,True,True
2006-09-01,2.1583590232180843,1.350164037485508,-0.015058261303919851,0.19126691266912665,0.06191369606003749,0.05490956072351416,2006-10-16,True,True,True
2006-10-01,1.7563682692991571,-0.2609303799278371,-0.016592790177695882,0.1871559633027522,0.0519159456118663,0.05286911669890415,2006-11-16,False,True,False
2006-11-01,1.3701988510759129,-0.6224093173802203,0.0498096929417049,0.1644657863145258,0.04621072088724576,0.04987212276214814,2006-12-16,False,True,False
2006-12-01,1.6855384958664794,-0.47282052735160485,0.016982436698991688,0.15823914336704337,0.07644499689247963,0.047649301143583234,2007-01-16,False,True,False
2007-01-01,1.433015701845524,-0.32335256745363306,0.027035521489159553,0.15999999999999992,0.07418761496014703,0.039399624765478425,2007-02-16,False,True,False
2007-02-01,2.013074589137786,0.6428757380618733,0.07012701662474563,0.19120234604105568,0.07333333333333325,0.07044025157232703,2007-03-16,True,True,True
2007-03-01,1.9913290514956425,0.30579055562916313,0.11291080520216368,0.18619489559164726,0.07794561933534738,0.0769716088328074,2007-04-16,True,True,True
2007-04-01,1.861983113986063,0.4289674121405389,0.052407233965223066,0.17498565691336765,0.08021712907116996,0.07982401005656836,2007-05-16,True,True,True
2007-05-01,1.8634027695820337,-0.14967181955575248,0.013843490979176698,0.18332381496287842,0.08152173913043481,0.08469259723964861,2007-06-16,False,True,False
2007-06-01,0.7670681817472417,-1.224260869748401,-0.030716236216560167,0.11027434104357181,0.07498500299940014,0.04169259489732435,2007-07-16,False,True,False
2007-07-01,0.7040275324591541,-1.157955581526909,0.016990949372899022,0.10074231177094384,0.08062575210589662,0.037151702786377694,2007-08-16,False,True,False
2007-08-01,0.2767952915491509,-1.5866074780328827,0.029071198152795352,0.0967573221757323,0.0527251184834121,0.035228677379480766,2007-09-16,False,True,False
2007-09-01,0.2633674616047938,-0.5037007201424479,0.03979280230459126,0.07330924109447601,0.07008244994110702,0.027556644213104775,2007-10-16,False,True,False
2007-10-01,0.19529675629698406,-0.50873077616217,0.07934908837533383,0.07367336424523452,0.0652173913043479,0.027556644213104775,2007-11-16,False,True,False
2007-11-01,0.3215485212190728,0.0447532296699219,0.10803081776043033,0.08041237113402055,0.07243816254416946,0.027405602923264327,2007-12-16,True,True,True
2007-12-01,0.03506487491762963,-0.22830258668716416,0.13057242878127484,0.08371854134566004,0.05369515011547343,0.023650697392359143,2008-01-16,False,True,False
2008-01-01,-0.24651625021643783,-0.4418130065134219,0.091876803766886,0.10040567951318469,0.03253424657534265,0.016847172081829287,2008-02-16,False,False,True
2008-02-01,-0.18831445670628366,-0.5098629779253565,0.056030572383149124,0.07287050713934029,0.035008469791078634,0.02585193889541726,2008-03-16,False,False,True
2008-03-01,-0.027478314059010023,-0.06254318897663966,0.026814216563018745,0.10024449877750619,0.02970852017937209,0.04510837727006445,2008-04-16,False,False,True
2008-04-01,0.013266415188554453,0.2597826654049923,0.035867564133619245,0.10546875,0.03461753210496932,0.038416763678696064,2008-05-16,True,True,True
2008-05-01,0.2476889346642323,0.43600339137051597,0.0385250750388888,0.10810810810810811,0.0318257956448913,0.061307113938692925,2008-06-16,True,True,True
2008-06-01,0.8450964400280104,0.8725747540870205,0.04959014160023201,0.1366279069767442,0.0418526785714286,0.09617682198327349,2008-07-16,True,True,True
2008-07-01,1.3772128868754634,1.363946471686909,0.057535517021917615,0.15125240847784194,0.04955456570155903,0.1558208955223881,2008-08-16,True,True,True
2008-08-01,1.311595051124892,1.0639061164606596,0.031532679276138564,0.1359084406294706,0.07540799099606077,0.1558208955223881,2008-09-16,True,True,True
2008-09-01,1.0973019249509701,0.2522054849229597,0.05782263851456304,0.1476671476671476,0.049532195927352696,0.1537544696066746,2008-10-16,True,True,True
2008-10-01,1.5129097386315122,0.13569685175604884,0.08443533437425765,0.1463531669865643,0.05791505791505802,0.21692491060786634,2008-11-16,True,True,True
2008-11-01,0.8961070677307109,-0.415487983394181,0.07423737583243017,0.07490458015267176,0.0488742449203734,0.2169531713100179,2008-12-16,False,True,False
2008-12-01,0.7701961005309715,-0.3271058244199986,0.07970336340346007,0.05118483412322283,0.05369863013698639,0.21623222748815163,2009-01-16,False,True,False
2009-01-01,0.11577038317247845,-1.397139355459034,-0.04829809857162293,-0.00829493087557609,0.0718629076838031,0.23491124260355023,2009-02-16,False,True,False
2009-02-01,-0.3677971392582716,-1.2639042069889825,-0.055981964654947314,0.0027535566773748688,0.03873431533005989,0.199885452462772,2009-03-16,False,False,True
2009-03-01,-0.7207056489477124,-1.490901749478684,-0.15408100323496854,-0.021333333333333426,0.0517147523135546,0.17656950672645744,2009-04-16,False,False,True
2009-04-01,-0.7403600847749907,-0.8561304679474692,-0.164322663335826,-0.03003533568904604,0.05072854830005391,0.16535874439461873,2009-05-16,False,False,True
2009-05-01,0.2761902778757858,0.6439874171340574,0.26634753728468263,-0.04311846689895471,0.031385281385281294,0.13188010899182556,2009-06-16,True,True,True
2009-06-01,0.18025336485818055,0.9009590138058929,0.2680963947061452,-0.055413469735720366,0.02678093197643272,0.14332425068119892,2009-07-16,True,True,True
2009-07-01,-0.17085776869716368,0.569502316077827,0.2928323654543863,-0.07489539748953977,0.01697612732095477,0.08884297520661155,2009-08-16,False,False,True
2009-08-01,-1.2559601538313694,-1.5321504317071553,-0.15204296532132855,-0.05793450881612083,0.014128728414442682,0.08987603305785119,2009-09-16,False,False,True
2009-09-01,-1.0770801507529186,-1.2573335156110992,-0.1350689501139657,-0.04861693210393958,0.015207131620346148,0.10072314049586772,2009-10-16,False,False,True
2009-10-01,-1.5032033569439178,-1.332345588246754,-0.21259507865925376,-0.045625784847216466,0.012513034410844615,0.025954946131243828,2009-11-16,False,False,True
2009-11-01,-1.1339409919006103,0.12201916193075912,-0.21169590157638063,0.026187305814469486,0.01884816753926688,0.02338041889917175,2009-12-16,False,False,True
2009-12-01,-1.0616569504246942,0.015423200328224418,-0.19795527030496796,0.04959422903516675,0.0114404576183047,0.02386751095957118,2010-01-16,False,False,True
2010-01-01,-0.7147076226801816,0.7884957342637362,-0.045052294257469705,0.09293680297397766,0.0015471892728209369,0.011978917105893716,2010-02-16,False,False,True
2010-02-01,-0.6951687949187024,0.43877219698190784,-0.0698953831208704,0.07826086956521738,0.015756302521008347,0.0023866348448686736,2010-03-16,False,False,True
2010-03-01,-0.8454705075222182,0.21618644290247602,-0.07378245247287052,0.06902815622161684,0.006728778467908869,-0.0038113387327298742,2010-04-16,False,False,True
2010-04-01,-0.6572562627598457,0.0574513599203359,0.01395145371176465,0.07285974499089254,0.0,0.006734006734006703,2010-05-16,False,False,True
2010-05-01,-1.084555685173037,-0.3893868902543345,-0.33927898345316043,0.0851160673645881,0.018887722980063026,0.012036591237361671,2010-06-16,False,False,True
2010-06-01,-1.0390839673908192,-0.193613459868601,-0.3034728615715796,0.06949458483754523,0.02138758476786662,0.0009532888465204614,2010-07-16,False,False,True
2010-07-01,-1.1792070229315073,-0.5219507601716615,-0.3800722501699455,0.06965174129353247,0.016692749087115377,-0.0023719165085388516,2010-08-16,False,False,True
2010-08-01,-0.6785450335384082,0.4060106516346287,-0.03475020628051839,0.0543672014260248,0.01031991744066052,-0.0023696682464454666,2010-09-16,False,False,True
2010-09-01,-0.8719970293883343,0.16708693800248486,-0.08865392536313654,0.04273127753303951,0.008264462809917328,-0.012670107930549013,2010-10-16,False,False,True
2010-10-01,-0.5674831877394413,0.611723835192066,0.023746870969513667,0.04166666666666674,0.009783728115345003,0.007637231503579978,2010-11-16,False,False,True
2010-11-01,-0.4996424269050983,0.17890260663330992,0.11558426440750824,0.03157439446366794,0.004624871531346386,0.004283674440742624,2010-12-16,False,False,True
2010-12-01,-0.3653676387525054,0.506629390635829,0.1671470611897079,0.02448453608247414,0.00976863753213375,0.007136060894386231,2011-01-16,False,False,True
2011-01-01,-0.6316742795298722,-0.06419109179043092,0.07068699134987266,0.02253401360544216,0.001029866117404854,0.007102272727272707,2011-02-16,False,False,True
2011-02-01,-0.5166071941108882,-0.016964767205789877,0.05227119409119707,0.030984719864176613,0.010341261633919352,0.010476190476190528,2011-03-16,False,False,True
2011-03-01,-0.32941141050395295,0.035956228248552435,0.08138774211361821,0.03695836873406955,0.0195372750642675,0.013390722142515576,2011-04-16,False,False,True
2011-04-01,-0.4569967717494099,0.17467750778046232,-0.01584525207867815,0.04286926994906626,0.02105803800719075,0.016244624940277008,2011-05-16,False,False,True
2011-05-01,-0.45918295545785154,0.05742423865303664,-0.011384599351243252,0.03397651006711411,0.02214212152420192,0.018553758325404512,2011-06-16,False,False,True
2011-06-01,-0.33308233863895614,-0.003670928135003193,0.061037122774203034,0.036286919831223674,0.017875383043922444,0.023809523809523725,2011-07-16,False,False,True
2011-07-01,-0.03347994608773412,0.42351682566167576,0.19481177289400886,0.037209302325581506,0.02616726526423796,0.013789824060865374,2011-08-16,False,False,True
2011-08-01,0.0064448887799615495,0.4656278442378131,0.2800238175385821,0.03677092138630611,0.018896833503575072,0.0071258907363420665,2011-09-16,True,True,True
2011-09-01,-0.26877478367541563,0.06430755496354051,0.12519223450971118,0.02872834811998315,0.020491803278688492,0.013307984790874361,2011-10-16,False,False,True
2011-10-01,-0.5517803939614782,-0.5183004478737441,0.059161167276362336,0.024842105263158,0.010708822029576792,0.002368545712932324,2011-11-16,False,False,True
2011-11-01,-0.8208517339244203,-0.8272966227043819,-0.0950365764093668,0.020545073375262124,0.015856777493606034,-0.0037914691943128354,2011-12-16,False,False,True
2011-12-01,-0.9224232547508933,-0.6536484710754776,-0.11517643582682968,0.022222222222222365,0.007128309572301372,-0.0009447331128955572,2012-01-16,False,False,True
2012-01-01,-0.8991579661863839,-0.34737757222490573,-0.12221346507352937,0.026195426195426252,0.017489711934156382,-0.02444757874941228,2012-02-16,False,False,True
2012-02-01,-0.6682720520117338,0.15257968191268656,-0.008036578362281555,0.01729106628242061,0.019447287615148356,-0.018378887841658753,2012-03-16,False,False,True
2012-03-01,-0.9034428470594267,0.018980407691466583,0.0012207337836613874,-0.002458009012699658,0.0005042864346949116,-0.014157621519584662,2012-04-16,False,False,True
2012-04-01,-0.9131025419373094,-0.013944575750925559,-0.011718392882155149,-0.0012210012210011056,0.0015090543259557165,-0.016925246826516194,2012-05-16,False,False,True
2012-05-01,-0.9484946664961909,-0.28022261448445707,-0.03405676982801853,-0.007707910750507141,0.003022670025188967,-0.015413358243811182,2012-06-16,False,False,True
2012-06-01,-1.060239298541469,-0.15679645148204235,-0.07149952926817704,-0.009771986970684043,-0.003512293025589641,-0.009767441860465076,2012-07-16,False,False,True
2012-07-01,-1.011396900991769,-0.09829435905445949,-0.04217560062931436,-0.021198532409294812,-0.0050000000000000044,-0.00046904315196993895,2012-08-16,False,False,True
2012-08-01,-1.037860240494735,-0.08936557399854417,-0.08243313670813712,-0.020790868324500722,-0.002005012531328343,0.0009433962264151496,2012-09-16,False,False,True
2012-09-01,-0.907784839246083,0.15245445929538604,-0.02337476281075279,-0.012731006160164204,0.0,-0.010318949343339545,2012-10-16,False,False,True
2012-10-01,-0.7960164144903856,0.2153804865013833,-0.040505955298128726,-0.007806080525883385,0.005045408678102881,0.0051984877126654006,2012-11-16,False,False,True
2012-11-01,-0.8485423951426648,0.1893178453520702,-0.07842534445638927,-0.01232539030402624,0.0035246727089628394,0.016175071360609028,2012-12-16,False,False,True
2012-12-01,-0.7158680294966996,0.1919168097493834,-0.013054529725449071,-0.01599671862182117,0.007583417593528763,0.00898345153664315,2013-01-16,False,False,True
2013-01-01,-0.3433174056544902,0.4526990088358954,0.09583477198532919,-0.022285251215559132,0.017189079878665137,0.026987951807228905,2013-02-16,False,False,True
2013-02-01,-0.410631119011909,0.4379112761307558,0.11197679693119356,-0.023472278429785498,0.010040160642570184,0.021123379740758397,2013-03-16,False,False,True
2013-03-01,-0.19761526230247722,0.5182527671942223,0.16039424768405186,-0.005338809034907688,0.014112903225806273,0.022020105313547145,2013-04-16,False,False,True
2013-04-01,-0.31471876499039075,0.02859864066409945,0.14802108179343754,-0.019559902200489088,0.010547463586137562,0.021520803443328518,2013-05-16,False,False,True
2013-05-01,-0.18240216345472265,0.22822895555718636,0.21017652323561387,-0.011038430089942763,0.010547463586137562,0.016603415559772294,2013-06-16,False,False,True
2013-06-01,-0.267177499275993,-0.06956223697351577,0.18222549516270337,-0.012335526315789491,0.01309164149043296,0.005166744950681146,2013-07-16,False,False,True
2013-07-01,-0.3329701633633875,-0.01825139837299672,0.12801810677698366,-0.0037484381507705278,0.011055276381909396,0.01126231816048806,2013-08-16,False,False,True
2013-08-01,-0.25966830307832944,-0.07726613962360679,0.15855223071680702,0.0016652789342215257,0.010045203415369075,0.011781338360037807,2013-09-16,False,False,True
2013-09-01,-0.00829861086815973,0.25887888840783324,0.2616285562386649,0.0045757071547420924,0.009538152610441886,0.02322274881516595,2013-10-16,False,False,True
2013-10-01,-0.02168930344722446,0.311280859916163,0.2837985971852872,-0.002484472049689379,0.011044176706827447,0.015514809590973178,2013-11-16,False,False,True
2013-11-01,0.24741825127282094,0.5070865543511504,0.3739850792298809,0.0004159733777038266,0.019066733567486116,0.021535580524344455,2013-12-16,True,True,True
2013-12-01,0.09015967335163319,0.09845828421979291,0.2983182789287522,-0.0008336807002918833,0.019066733567486116,0.02108716026241808,2014-01-16,True,True,True
2014-01-01,-0.1875158282994333,-0.16582652485220883,0.20626695440382137,-0.004973062577704135,0.011431411530815172,0.018301267010793154,2014-02-16,False,False,True
2014-02-01,-0.311150411777116,-0.5585686630499369,0.12029097953965096,-0.003729796933278129,0.0124254473161034,0.02162670427832647,2014-03-16,False,False,True
2014-03-01,-0.7391542570969611,-0.8293139304485944,-0.040820420719919204,-0.002477291494632494,-0.005467196819085474,0.030913348946135732,2014-04-16,False,False,True
2014-04-01,-0.5612196507759097,-0.37370382247647643,0.03156336723886666,0.0020781379883623163,-0.00248508946322068,0.029026217228464546,2014-05-16,False,False,True
2014-05-01,-0.6655718940532283,-0.35442148227611225,0.011285262809988428,-0.0012401818933444053,-0.005964214711729587,0.02379841343910405,2014-06-16,False,False,True
2014-06-01,-0.5462099470714062,0.1929443100255549,0.07527822504711934,0.005412156536219959,-0.010437375745526833,0.02710280373831786,2014-07-16,False,False,True
2014-07-01,-0.5049743260028446,0.0562453247730651,0.07560908067047856,0.014632107023411445,-0.006461232604373701,0.018097447795823784,2014-08-16,False,False,True
2014-08-01,-0.531680225448535,0.13389166860469326,0.05336927619614151,0.009975062344139696,-0.008453505718547971,0.02841173730787161,2014-09-16,False,False,True
2014-09-01,-0.6324681523347422,-0.08625820526333594,0.005761288103985018,0.0028985507246377384,-0.008453505718547971,0.030569708198239898,2014-10-16,False,False,True
2014-10-01,-0.5528040187864056,-0.04782969278356097,0.045185056210353514,0.0020755500207554345,-0.009433962264150941,0.033333333333333215,2014-11-16,False,False,True
2014-11-01,-0.5529978610864575,-0.02131763563792255,0.11792360947511726,-0.0020790020790020236,-0.017725258493353047,0.02383134738771786,2014-12-16,False,False,True
2014-12-01,-0.4511143148216565,0.1813538375130857,0.156999540163121,-0.0016687526074258274,-0.017725258493353047,0.027994492886645128,2015-01-16,False,False,True
2015-01-01,-0.5878228534503809,-0.03501883466397526,0.14683788183020852,-0.012078300708038392,-0.019656019656019708,0.014285714285714235,2015-02-16,False,False,True
2015-02-01,-0.753179677726688,-0.2001818166402305,0.06523575906385348,-0.022878535773710462,-0.01865488463426601,0.017027151403589347,2015-03-16,False,False,True
2015-03-01,-0.5824520809693586,-0.13133776614770215,0.08000838109471631,-0.03021523178807939,-0.0009995002498750516,0.015447523852794243,2015-04-16,False,False,True
2015-04-01,-0.8493088562580648,-0.26148600280768397,0.00031842519748992437,-0.04147656574035674,-0.003986048829098032,0.005459508644221955,2015-05-16,False,False,True
2015-05-01,-0.7635563160624147,-0.010376638335726662,0.010465188064706865,-0.040562913907284726,-0.0004999999999999449,0.010027347310847645,2015-06-16,False,False,True
2015-06-01,-0.838512559247572,-0.2560604782782133,-0.021253922906280143,-0.04223602484472044,0.0050226017076846485,-0.0040946314831665775,2015-07-16,False,False,True
2015-07-01,-0.9320102104866287,-0.08270135422856384,-0.0373314377700692,-0.04861969509682729,-0.009504752376188086,0.015952597994530526,2015-08-16,False,False,True
2015-08-01,-0.9041651007246718,-0.14060878466225712,0.003148946765599403,-0.05308641975308648,-0.005015045135406182,-0.0018115942028985588,2015-09-16,False,False,True
2015-09-01,-0.8991392145345565,-0.06062665528698452,0.00182608850309407,-0.05780346820809246,-0.0010030090270812808,-0.006292134831460738,2015-10-16,False,False,True
2015-10-01,-0.9527006096727811,-0.020690399186152453,0.010128455783551704,-0.06628003314001651,-0.004010025062656686,-0.009856630824372714,2015-11-16,False,False,True
2015-11-01,-1.1462031312663779,-0.24203803054170603,-0.09169325090399927,-0.06708333333333327,-0.003007518796992459,-0.012085944494180878,2015-12-16,False,False,True
2015-12-01,-1.0196946570325764,-0.12055544249801997,-0.04609281366481044,-0.06769745089845391,0.0,-0.01205357142857133,2016-01-16,False,False,True
2016-01-01,-0.7598742105969493,0.19282639907583188,0.021135872255770183,-0.059443507588532896,0.002005012531328454,0.002271694684234493,2016-02-16,False,False,True
2016-02-01,-0.5724854893497209,0.573717641916657,0.11687760150154913,-0.03618561089825456,-0.006003001500750504,-0.0009049773755656076,2016-03-16,False,False,True
2016-03-01,-0.39071630273318336,0.6289783542993931,0.21322143343930633,-0.028169014084507116,-0.005002501250625291,-0.01118568232662187,2016-04-16,False,False,True
2016-04-01,-0.367713384530833,0.39216082606611624,0.18477564318787598,-0.010817827780181699,-0.007003501750875496,-0.004524886877828038,2016-05-16,False,False,True
2016-05-01,-0.3308399251816187,0.24164556416810218,0.19673916756668697,-0.014236410698878377,-0.0035017508754378035,-0.006317689530685899,2016-06-16,False,False,True
2016-06-01,-0.4360173178938501,-0.04530101516066676,0.09887011738580731,-0.012105490704712563,-0.004997501249375258,0.012334399269072538,2016-07-16,False,False,True
2016-07-01,-0.35061180666455005,0.01710157786628297,0.11220290083931572,-0.010827197921178033,0.009090909090909038,-0.004934948407357531,2016-08-16,False,False,True
2016-08-01,-0.21081490947707487,0.12002501570454382,0.14172839731706843,-0.008691873098652714,0.013104838709677491,0.001814882032667997,2016-09-16,False,False,True
2016-09-01,-0.3939281611306375,0.04208915676321262,0.0834412892223717,-0.0013146362839613346,0.005522088353413723,-0.0027137042062415073,2016-10-16,False,False,True
2016-10-01,-0.4452339409793881,-0.09462213431483807,0.00940792083919928,0.011978704525288375,0.009562154001006462,-0.0018099547511312153,2016-11-16,False,False,True
2016-11-01,-0.40689497424007404,-0.19608006476299916,0.04424652178473676,0.020991514068780637,0.002513826043237799,-0.001359311282283615,2016-12-16,False,False,True
2016-12-01,-0.3968169963076612,-0.0028888351770237075,0.05000685488012646,0.03182429403854781,0.0005012531328321135,-0.006326253953908734,2017-01-16,False,False,True
2017-01-01,-0.5829782555522682,-0.1377443145728801,-0.02232329246538356,0.0376512774540565,-0.005002501250625291,-0.008612873980054392,2017-02-16,False,False,True
2017-02-01,-0.8031394041782691,-0.3962444299381951,-0.0890969066536943,0.026060070671378055,0.0015098137896327746,-0.030797101449275388,2017-03-16,False,False,True
2017-03-01,-0.7365501878512895,-0.33973319154362824,-0.08448046069099457,0.02371541501976293,0.009049773755656076,-0.033484162895927594,2017-04-16,False,False,True
2017-04-01,-0.5957628002628269,-0.012784544710558676,-0.039148565043747974,0.030183727034120755,0.010075566750629816,-0.03136363636363637,2017-05-16,False,False,True
2017-05-01,-0.7075899592130943,0.09554944496517481,-0.07959443994915993,0.03238512035010954,0.005522088353413723,-0.030881017257038956,2017-06-16,False,False,True
2017-06-01,-0.6046623299823503,0.1318878578689392,-0.04680725740504943,0.02713347921225373,0.00652938221999011,-0.022111913357400703,2017-07-16,False,False,True
2017-07-01,-0.5397394160411899,0.056023384221636996,0.028458226426476996,0.024956217162872107,0.0025025025025025016,-0.030658250676285026,2017-08-16,False,False,True
2017-08-01,-0.686521250197565,0.021068709015529263,-0.02626242845199611,0.024112231477422252,-0.0034825870646765233,-0.025815217391304435,2017-09-16,False,False,True
2017-09-01,-0.5191920952250564,0.08547023475729387,0.009510226356157059,0.025449758666081568,0.004493260109835084,-0.02448979591836742,2017-10-16,False,False,True
2017-10-01,-0.511666791414344,0.0280726246268459,0.025003490374024828,0.037702761946514673,-0.0009970089730807485,-0.02855847688123292,2017-11-16,False,False,True
2017-11-01,-0.3149921717556467,0.37152907844191835,0.11927101133532902,0.03805774278215224,0.010030090270812364,-0.05127041742286753,2017-12-16,False,False,True
2017-12-01,-0.5404603885026809,-0.021268293277624473,0.06890204930402422,0.027801911381407418,0.010521042084168375,-0.07003183265120516,2018-01-16,False,False,True
2018-01-01,-0.40949316759324794,0.10217362382109607,0.10036956974450617,0.026349892008639353,0.018099547511312153,-0.07224508459076351,2018-02-16,False,False,True
2018-02-01,-0.14980929851315708,0.16518287324248962,0.10785781580443765,0.03572965992251387,0.0201005025125629,-0.034112149532710356,2018-03-16,False,False,True
2018-03-01,-0.06541964905041195,0.4750407394522689,0.10487786660252918,0.03346203346203347,0.018933731938216347,-0.011235955056179803,2018-04-16,False,False,True
2018-04-01,0.014574247719916444,0.4240674153131644,0.12829231250091766,0.03397027600849256,0.02094763092269325,-0.00938526513374005,2018-05-16,True,True,True
2018-05-01,-0.013129170344361507,0.13668012816879557,0.13172038548283327,0.03221704111911827,0.020469296055916075,-0.014058106841612017,2018-06-16,False,False,True
2018-06-01,-0.029929096138221978,0.03549055291218997,0.12321098057533364,0.04686834256497652,0.021956087824351433,-0.029072450392247262,2018-07-16,False,False,True
2018-07-01,-0.1272724814654772,-0.14184672918539365,0.011244859564124354,0.06578385305425027,0.023964053919121264,-0.020930232558139528,2018-08-16,False,False,True
2018-08-01,-0.0035505230842806934,0.009578647260080814,0.048832545933446214,0.07063356164383561,0.023964053919121264,-0.015806601580660162,2018-09-16,False,False,True
2018-09-01,0.22653231107748642,0.2564614072157084,0.16393589737490366,0.06889174154899447,0.023359840954274347,-0.015341701534170027,2018-10-16,True,True,True
2018-10-01,0.35098181936600936,0.47825430083148657,0.20602677605461972,0.05492184199408534,0.024451097804391253,0.0018665422305179646,2018-11-16,True,True,True
2018-11-01,0.2943505365216398,0.2979010596059205,0.12649694355534957,0.05394016013485037,0.020854021847070525,0.03299856527977041,2018-12-16,True,True,True
2018-12-01,0.2601830229773194,0.03365071189983296,0.014914318690020245,0.057480980557903516,0.02231036192364888,0.06797066014669939,2019-01-16,True,True,True
2019-01-01,0.41653587712109064,0.06555405775508127,0.046771526074000036,0.05176767676767691,0.028148148148148033,0.07885657959586001,2019-02-16,True,True,True
2019-02-01,0.354118961904488,0.05976842538284821,0.0877877443404329,0.037822111388196245,0.025615763546797954,0.06579583938074518,2019-03-16,True,True,True
2019-03-01,0.3207165520834998,0.06053352910618043,0.09952890749548726,0.04607721046077207,0.027383863080684634,0.04356060606060619,2019-04-16,True,True,True
2019-04-01,0.11832951566534566,-0.298206361455745,0.028131019725876616,0.03244353182751536,0.026380068392769962,0.04689720511605877,2019-05-16,False,True,False
2019-05-01,0.2390578695881351,-0.11506109231635289,0.05168362374907942,0.035318275154003986,0.02837573385518577,0.05465779467680609,2019-06-16,False,True,False
2019-06-01,0.26819915931574784,-0.05251739276775197,0.08987532461840209,0.024420024420024333,0.02685546875,0.05655893536121681,2019-07-16,False,True,False
2019-07-01,0.3030980442646247,0.18476852859927906,0.11322468959482768,0.013226452905811703,0.029254022428083948,0.05795724465558183,2019-08-16,True,True,True
2019-08-01,0.16834659204099045,-0.07071127754714465,0.04807082034347876,0.005997600959616101,0.03412969283276457,0.054794520547945424,2019-09-16,False,True,False
2019-09-01,0.06090047287639905,-0.2072986864393488,-0.05497070867807752,0.010008006405124004,0.04273919378338986,0.05618508026440017,2019-10-16,False,True,False
2019-10-01,-0.017532318380482803,-0.3206303626451075,-0.07040753692126567,0.010012014417300819,0.046273745737944516,0.03959012575687004,2019-11-16,False,False,True
2019-11-01,0.018058508322322364,-0.1502880837186681,-0.0490415380018544,0.015593762495001995,0.04474708171206232,0.036111111111111205,2019-12-16,False,True,False
2019-12-01,0.3124705536512185,0.25157008077481946,0.10192845696260688,0.02358113509192661,0.04170708050436489,0.029761904761904656,2020-01-16,True,True,True
2020-01-01,0.3964852280939035,0.4140175464743863,0.12805719280987438,0.022408963585434094,0.043227665706051965,0.033348560986751874,2020-02-16,True,True,True
2020-02-01,0.5181642506406277,0.5001057423183053,0.13111854307376714,0.02603123748498204,0.05475504322766578,0.0295052201543351,2020-03-16,True,True,True
2020-03-01,0.14818190935570252,-0.16428864429551598,0.057638407508183276,0.013095238095238049,0.03950499762018089,0.03085299455535373,2020-04-16,False,True,False
2020-04-01,0.1134670660928084,-0.2830181620010951,0.06070873512437713,0.00676213206046139,0.03950499762018089,0.028054298642533837,2020-05-16,False,True,False
2020-05-01,0.046980396296638985,-0.4711838543439887,0.05416293378256842,-0.0019833399444665334,0.039010466222645146,0.02613789995493465,2020-06-16,False,True,False
2020-06-01,-0.011564855762228918,-0.15974676511793146,-0.0009943786999143667,0.001589193484306639,0.040893961008083624,0.031488978857399985,2020-07-16,False,False,True
2020-07-01,0.04843623084384081,-0.06503083524896759,-0.005749282608773831,0.00751582278481,0.04500236854571282,0.031881454872025206,2020-08-16,False,True,False
2020-08-01,-0.001766416523493946,-0.048746812820132934,0.04100792705426759,0.015898251192368873,0.02970297029702973,0.026869682042095944,2020-09-16,False,False,True
2020-09-01,0.03602402661279327,0.047588882375022186,0.11309999642110902,0.014665081252477119,0.01909641360037262,0.026374608851139847,2020-10-16,True,True,True
2020-10-01,0.09226484417072738,0.04382861332688656,0.11360903096103425,0.01863600317208558,0.020949720670391025,0.030017921146953563,2020-11-16,True,True,True
2020-11-01,0.028790720499813505,0.03055713702330745,0.06519466813068187,0.016141732283464716,0.02607076350093096,0.02993744414655941,2020-12-16,True,True,True
2020-12-01,0.25631013492495464,0.22028610831216136,0.1708932223700279,0.010542756735650194,0.029329608938547302,0.02667852378835045,2021-01-16,True,True,True
2021-01-01,0.21461960368481545,0.12235475951408807,0.18115432473257775,0.02544031311154593,0.01979742173112342,0.022104332449160102,2021-02-16,True,True,True
2021-02-01,0.2284945085447857,0.19970378804497219,0.2110155892333423,0.02654176424668231,0.015027322404371546,0.021604938271604812,2021-03-16,True,True,True
2021-03-01,0.359124326479158,0.10281419155420335,0.18405634772571866,0.05601253427340391,0.021062271062270987,0.021566901408450745,2021-04-16,True,True,True
2021-04-01,0.732875442080375,0.5182558383955596,0.2459820415188545,0.08297115764519969,0.03205128205128216,0.022887323943661997,2021-05-16,True,True,True
2021-05-01,0.9757547201179796,0.7472602115731939,0.2214735770964822,0.1351351351351353,0.03571428571428559,0.030303030303030276,2021-06-16,True,True,True
2021-06-01,1.1512148740842771,0.7920905476051192,0.1920162640455001,0.2007140023800078,0.03746002740977605,0.021805494984736162,2021-07-16,True,True,True
2021-07-01,1.1398693962324646,0.4069939541520896,0.1443398332131003,0.19608951707891653,0.04960562103354493,0.02085291557876423,2021-08-16,True,True,True
2021-08-01,1.354840273959428,0.3790855538414485,0.15505911149209073,0.19309467918622847,0.0694459706959707,0.022027911033580372,2021-09-16,True,True,True
2021-09-01,1.6594930614153216,0.5082781873310445,0.08486095010539074,0.23390624999999998,0.09680530164533807,0.028601916376306713,2021-10-16,True,True,True
2021-10-01,1.7636458008716076,0.623776404639143,0.10036626285420058,0.2627715064227327,0.09624715002279971,0.02984341017833847,2021-11-16,True,True,True
2021-11-01,1.9353534375480421,0.580513163588614,0.11572616830377447,0.3195815575358387,0.09495916515426495,0.02857266811279824,2021-12-16,True,True,True
2021-12-01,1.7648050169521847,0.10531195553686312,-0.0005542037331941474,0.3435471406491497,0.10116689280868374,0.029315721091381475,2022-01-16,True,True,True
2022-01-01,1.731345489696325,-0.03230031117528265,-0.055668706539991675,0.3599312977099238,0.10696162528216702,0.03791955017301052,2022-02-16,False,True,False
2022-02-01,2.1685540289011094,0.23320059135306725,-0.042755368107572744,0.35950190114068437,0.16581875280394787,0.032529132498920976,2022-03-16,True,True,True
2022-03-01,2.475766360525295,0.7109613435731104,0.05023192211650929,0.4007715133531158,0.17214798206278026,0.041805256355019305,2022-04-16,True,True,True
2022-04-01,2.488535200668214,0.7571897109718893,0.04661121336954199,0.42090842758117475,0.1672537710736468,0.06471170395869175,2022-05-16,True,True,True
2022-05-01,2.1966408366690353,0.028086807767925936,0.02226850580450268,0.3773704481792717,0.17194076038903638,0.05580988917306051,2022-06-16,True,True,True
2022-06-01,2.425320487328964,-0.05044587319633109,0.08034564794941645,0.34727122563594337,0.20800968736239533,0.06075544174135716,2022-07-16,False,True,False
2022-07-01,2.366486686994442,-0.12204851367377234,0.10646197906913923,0.36182560628143023,0.20141831106965014,0.05848451780111863,2022-08-16,False,True,False
2022-08-01,2.3525934252309724,0.15595258856193706,0.0801087601543744,0.3660736830024103,0.22648319325932165,0.05324491894636685,2022-09-16,True,True,True
2022-09-01,1.901943201120883,-0.523377286208081,0.08672376151803096,0.3195485627453465,0.19714060696471813,0.03754546570858763,2022-10-16,False,True,False
2022-10-01,1.7456329418519814,-0.6208537451424605,0.11674934639408585,0.25322897850224724,0.19820554309982663,0.036906416174961265,2022-11-16,False,True,False
2022-11-01,1.6816061331828436,-0.6709872920481288,0.16335044811252253,0.20047036854344302,0.20013342781016785,0.03742523809925502,2022-12-16,False,True,False
2022-12-01,1.3552418163647886,-0.5467013847560944,0.06900545404547942,0.18002645883063484,0.19595182939852474,0.03723245353832416,2023-01-16,False,True,False
2023-01-01,1.1865538681364676,-0.5590790737155138,0.07255435100426699,0.1522837368299923,0.18994094423961627,0.02964574295632305,2023-02-16,False,True,False
2023-02-01,0.8708305020916447,-0.8107756310911989,0.08584491370720349,0.15005775432178536,0.12390085468769851,0.035955976709288295,2023-03-16,False,True,False
2023-03-01,1.0396738495915154,-0.31556796677327315,0.18428407010313808,0.09530832944964618,0.11954978977692243,0.0584111859654346,2023-04-16,False,True,False
2023-04-01,0.8946244385032707,-0.2919294296331969,0.2093672904650452,0.06483666306348868,0.12108369853173162,0.036166489518628664,2023-05-16,False,True,False
2023-05-01,0.7834382128436123,-0.08739228924803244,0.18427952978899165,0.057148740266970366,0.11521994168084393,0.03683592188717477,2023-06-16,False,True,False
2023-06-01,0.35350427803844775,-0.6861695715530677,0.12468765286003958,0.017429300743712295,0.08611243753166709,0.031464381274267206,2023-07-16,False,True,False
2023-07-01,0.3231309161656335,-0.5714935223376372,0.16130057320404445,0.004755683680749856,0.08204759508232073,0.02142465929959081,2023-08-16,False,True,False
2023-08-01,0.3700705083143024,-0.4133677045293099,0.18186144613056854,0.0047912700946490805,0.05665244741086206,0.046862402716050466,2023-09-16,False,True,False
2023-09-01,0.5041112316245732,0.1506069535861254,0.21856786923741933,0.004241649253033053,0.05533065776512314,0.058285788910926506,2023-10-16,True,True,True
2023-10-01,0.5229064348501281,0.1997755186844946,0.1768190988267202,0.031402885218482224,0.060821295785209006,0.06045645807111244,2023-11-16,True,True,True
2023-11-01,0.5477613475987755,0.1776908392844731,0.16991268308616725,0.025585712503760405,0.06940305979760164,0.0625266812761478,2023-12-16,True,True,True
2023-12-01,0.7203504787532679,0.2162392471286947,0.2454846895882945,0.037961818833215144,0.06616960189026577,0.06104625220065074,2024-01-16,True,True,True
2024-01-01,0.8098558774489639,0.2869494425988358,0.2705143862203665,0.04402269090342248,0.06917234477180201,0.06229131337496607,2024-02-16,True,True,True
2024-02-01,0.7579721673211344,0.2102108197223589,0.24457639321526026,0.042395221813123385,0.07512206479534878,0.05912305972829146,2024-03-16,True,True,True
2024-03-01,0.440485621318176,-0.2798648574350919,0.16316633346740472,0.040926794007363876,0.08313001045660506,0.027605528138883395,2024-04-16,False,True,False
2024-04-01,0.3202251035757118,-0.4896307738732521,0.1307304262549418,0.028095861575075487,0.07679111460692445,0.03164344665116925,2024-05-16,False,True,False
2024-05-01,0.38166725177910976,-0.3763049155420246,0.1410096061454129,0.025289882604158098,0.08420123326917794,0.03293785068745447,2024-06-16,False,True,False
2024-06-01,0.575880539458179,0.13539491814000298,0.17664902331961385,0.03369990383850663,0.0958071975379493,0.03855200795771485,2024-07-16,True,True,True
2024-07-01,0.6383584687701456,0.31813336519443375,0.17909375000683525,0.031081097290359683,0.09139745651220577,0.05486689376734799,2024-08-16,True,True,True
2024-08-01,0.4593251680927586,0.07765791631364882,0.16479162196456643,0.0267901296504669,0.08078428781446689,0.04138221953900212,2024-09-16,True,True,True
2024-09-01,0.35087942968064184,-0.22500110977753712,0.15308067355787003,0.0267901296504669,0.07795848766602775,0.02970507026176561,2024-10-16,False,True,False
2024-10-01,0.27959563267700416,-0.3587628360931414,0.1442463514686052,0.03176556441112077,0.06711892583538681,0.02881221167622461,2024-11-16,False,True,False
2024-11-01,0.19382003627594047,-0.2655051318168181,0.13760090547066217,0.03176556441112077,0.05274628060750075,0.03030175481560282,2024-12-16,False,True,False
2024-12-01,0.2519571749024705,-0.09892225477817135,0.1502162334410706,0.015870555997774094,0.06165705137497057,0.03486296054165838,2025-01-16,False,True,False
2025-01-01,0.21565915948080522,-0.06393647319619894,0.14177560762172647,0.010757404318359365,0.056724561302276655,0.03917751226797539,2025-02-16,False,True,False
2025-02-01,0.24939077859675013,0.05557074232080966,0.15783850144888367,0.010757404318359365,0.04790476372460972,0.04751382899288359,2025-03-16,True,True,True
2025-03-01,0.14342192020258812,-0.10853525469988237,0.09582293498194461,0.015470190677474127,0.04646885302793691,0.052423647867615664,2025-04-16,False,True,False
2025-04-01,0.35308464102442055,0.13742548154361534,0.08199788012627462,0.02947405452946361,0.0887168378431138,0.047077326739785486,2025-05-16,True,True,True
2025-05-01,0.486446438927146,0.23705566033039588,0.10866062922681397,0.02947405452946361,0.10231491592050679,0.04721497610036329,2025-06-16,True,True,True
2025-06-01,0.481324718973263,0.33790279877067486,0.16450528191778835,0.023389522277400765,0.09432176656151436,0.03539690051758204,2025-07-16,True,True,True
2025-07-01,0.5338007992792457,0.18071615825482518,0.16653484806464558,0.025009248466150602,0.10717927644095404,0.031142075440668604,2025-08-16,True,True,True
2025-08-01,0.4429068718225775,-0.04353956710456852,0.1431060884896238,0.025009248466150602,0.10981574088791612,0.022449821434543882,2025-09-16,False,True,False
2025-09-01,0.5354907572090369,0.05416603823577393,0.0920663197324485,0.025009248466150602,0.12299623955474392,0.046741992142881106,2025-10-16,True,True,True
2025-10-01,0.5667785581910622,0.032977758911816424,0.07768066724992972,0.05943482139967915,0.11778145096247328,0.04659836769438708,2025-11-16,True,True,True
2025-11-01,0.5017619768423097,0.058855105019732235,0.06243587921365479,0.05353386864890597,0.11740603867327071,0.045098177577555854,2025-12-16,True,True,True
2025-12-01,0.5308575599009575,-0.004633197308079429,0.09275771527831345,0.05377887491274547,0.12021518034856049,0.03606762078570758,2026-01-16,False,True,False
2026-01-01,0.6404269065590115,0.07364834836794931,0.11270365751767897,0.05236055266522954,0.142545981840851,0.028109475536653994,2026-02-16,True,True,True
2026-02-01,0.6534109733115904,0.15164899646928065,0.08563762317583001,0.05251058290209265,0.1535527595429127,0.03208420011346935,2026-03-16,True,True,True
2026-03-01,0.6096008765150265,0.07874331661406897,0.09321127501100412,0.04291781689770402,0.15232714489861143,0.02860766170843898,2026-04-16,True,True,True
2026-04-01,0.5799984170675503,-0.06042848949146118,0.11438085426713651,0.03507524912175186,0.14024980985184343,0.030871664145179833,2026-05-16,False,True,False
2026-05-01,0.474346706313996,-0.17906426699759437,0.10445358862033771,0.04023310596844221,0.11742446755819724,0.035097065885292045,2026-06-16,False,True,False
2026-06-01,0.3226275256615672,-0.28697335085345926,0.029925593127539063,0.04023310596844221,0.10497415387887732,0.049814628058999944,2026-07-16,False,True,False
2026-07-01,0.2819494999781387,-0.2980489170894116,-0.010294369806086778,0.07781409601634315,0.09228675510344342,0.051794258373205615,2026-08-16,False,True,False
2026-08-01,0.5274071377581884,0.05306043144419237,0.0023355441646177866,0.07834525025536254,0.13324831852459829,0.05273507069385386,2026-09-16,True,True,True
